Kategori,Judul,Tanggal Terbit,Penulis,Ringkasan,Link,URL Gambar
terkini,Ketua KY sampaikan permintaan maaf kepada MA dan hakim,"Mon, 03 Aug 2026 14:03:28 +0700",,Ketua Komisi Yudisial Abdul Chair Ramadhan menyampaikan permohonan maaf kepada Ketua Mahkamah Agung dan para hakim ...,https://www.antaranews.com/berita/5677385/ketua-ky-sampaikan-permintaan-maaf-kepada-ma-dan-hakim,https://cdn.antaranews.com/cache/800x533/2026/08/03/1000012884.jpg
terkini,Kekeringan ancam operasional PLTN Paks di Hungaria berhenti total,"Mon, 03 Aug 2026 13:49:52 +0700",,Kekeringan yang ditimbulkan gelombang panas ekstrem membuat tinggi muka air di Sungai Danube turun dan mengancam ...,https://www.antaranews.com/berita/5677383/kekeringan-ancam-operasional-pltn-paks-di-hungaria-berhenti-total,https://cdn.antaranews.com/cache/800x533/2026/08/03/CjkinzN000007_20260803_CBMFN0A001.jpg
terkini,Anggota DPR: Penyelematan korban kapal terbakar di Sumenep harus cepat,"Mon, 03 Aug 2026 13:48:41 +0700",,Anggota DPR RI Bambang Haryo Soekartono (BHS) menyatakan waktu tanggap (response time) penyelamatan terhadap ...,https://www.antaranews.com/berita/5677380/anggota-dpr-penyelematan-korban-kapal-terbakar-di-sumenep-harus-cepat,https://cdn.antaranews.com/cache/800x533/2026/08/03/1319103.jpg
terkini,KPK periksa Kadis PUPR Kota Bengkulu usai geledah dan sita Rp4 miliar,"Mon, 03 Aug 2026 13:46:34 +0700",,Komisi Pemberantasan Korupsi memeriksa Kepala Dinas Pekerjaan Umum dan Penataan Ruang (PUPR) Kota Bengkulu Noprisman ...,https://www.antaranews.com/berita/5677377/kpk-periksa-kadis-pupr-kota-bengkulu-usai-geledah-dan-sita-rp4-miliar,https://cdn.antaranews.com/cache/800x533/2026/08/03/IMG_7724.jpg
terkini,Pengaruh makan timun terhadap kesehatan tubuh,"Mon, 03 Aug 2026 13:45:30 +0700",,Profesor madya di bidang nutrisi dan kesehatan masyarakat dari Fakultas Kedokteran Universitas Tufts Kimberly Dong ...,https://www.antaranews.com/berita/5677375/pengaruh-makan-timun-terhadap-kesehatan-tubuh,https://cdn.antaranews.com/cache/800x533/2022/11/03/antarafoto-pasokan-buah-timun-terdampak-cuaca-di-pulau-bacan-3112022-ans-1.jpg
terkini,Jaksel catat mobil klinik hewan layani 226 ekor kucing hingga domba,"Mon, 03 Aug 2026 13:38:38 +0700",,"Suku Dinas Ketahanan Pangan, Kelautan, dan Pertanian Jakarta Selatan (KPKP Jaksel) mencatat Mobil Klinik Hewan ...",https://www.antaranews.com/berita/5677369/jaksel-catat-mobil-klinik-hewan-layani-226-ekor-kucing-hingga-domba,https://cdn.antaranews.com/cache/800x533/2026/08/03/1001010031.jpg
"lifestyle, terkini","10 ide lomba 17 Agustus untuk anak PAUD dan TK yang seru, edukatif, dan mudah digelar","Mon, 03 Aug 2026 13:38:29 +0700",,Perayaan HUT ke-81 Kemerdekaan Republik Indonesia pada 17 Agustus 2026 dapat menjadi momen bagi anak usia PAUD dan TK ...,https://www.antaranews.com/berita/5677368/10-ide-lomba-17-agustus-untuk-anak-paud-dan-tk-yang-seru-edukatif-dan-mudah-digelar,https://cdn.antaranews.com/cache/800x533/2024/08/03/WhatsApp-Image-2024-08-03-at-20.37.28.jpeg
"ekonomi-bisnis, terkini, top-news",Kemnaker: Magang Nasional diharapkan menekan angka pengangguran muda,"Mon, 03 Aug 2026 13:37:57 +0700",,Kementerian Ketenagakerjaan (Kemnaker) mengatakan program Magang Nasional (MagangHub) untuk mempersiapkan kompetensi ...,https://www.antaranews.com/berita/5677364/kemnaker-magang-nasional-diharapkan-menekan-angka-pengangguran-muda,https://cdn.antaranews.com/cache/800x533/2026/07/13/KUM2.jpg
"terkini, top-news",Kemenag perkuat transformasi madrasah lewat revitalisasi-digitalisasi,"Mon, 03 Aug 2026 13:36:36 +0700",,Menteri Agama (Menag) Nasaruddin Umar menegaskan transformasi madrasah terus diperkuat melalui revitalisasi ...,https://www.antaranews.com/berita/5677363/kemenag-perkuat-transformasi-madrasah-lewat-revitalisasi-digitalisasi,https://cdn.antaranews.com/cache/800x533/2026/08/03/1000173935.jpg
terkini,Wali Kota pastikan fasilitas SRT Kendari dukung perkembangan siswa,"Mon, 03 Aug 2026 13:36:17 +0700",,Wali Kota Kendari Siska Karina Imran memastikan bahwa fasilitas yang ada di Sekolah Rakyat Terintegrasi (SRT) 2 Kota ...,https://www.antaranews.com/berita/5677359/wali-kota-pastikan-fasilitas-srt-kendari-dukung-perkembangan-siswa,https://cdn.antaranews.com/cache/800x533/2026/08/03/aeea98a9-b62b-4a35-a533-805d3c8ac339.jpeg
"lifestyle, terkini",Sering terbangun tengah malam? Kenali 7 penyebab dan cara mengatasinya,"Mon, 03 Aug 2026 13:35:20 +0700",,"Bangun di tengah malam sesekali merupakan hal yang normal. Namun, jika kondisi ini terjadi hampir setiap malam dan ...",https://www.antaranews.com/berita/5677357/sering-terbangun-tengah-malam-kenali-7-penyebab-dan-cara-mengatasinya,https://cdn.antaranews.com/cache/800x533/2026/07/20/Penumpang-rela-menginap-menunggu-kereta-pertama-di-Stasiun-Cikarang-150726-ryl-5.jpg
"ekonomi-bisnis, terkini, top-news",Lisensi IP Global Buka Peluang Bisnis Baru bagi Kreator Indonesia,"Mon, 03 Aug 2026 13:34:30 +0700",,Wakil Menteri Ekonomi Kreatif Irene Umar mengatakan kolaborasi antara pemilik kekayaan intelektual (Intellectual ...,https://www.antaranews.com/berita/5677353/lisensi-ip-global-buka-peluang-bisnis-baru-bagi-kreator-indonesia,https://cdn.antaranews.com/cache/800x533/2026/08/03/1000589873.jpg
terkini,"Gempa bermagnitudo 5,3 guncang Mesir timur laut","Mon, 03 Aug 2026 13:32:32 +0700",,"Sebuah gempa bermagnitudo 5,3 mengguncang Provinsi Ismailia di Mesir timur laut pada Senin pagi waktu setempat, menurut ...",https://www.antaranews.com/berita/5677351/gempa-bermagnitudo-53-guncang-mesir-timur-laut,https://cdn.antaranews.com/cache/800x533/2026/07/18/ilustrasi-gempa-2_1.jpg
terkini,Dedi Kusnandar: Persib siap hadapi Persija di semifinal Piala Presiden,"Mon, 03 Aug 2026 13:31:31 +0700",,Gelandang Persib Bandung Dedi Kusnandar menegaskan timnya siap menghadapi Persija Jakarta pada babak semifinal Piala ...,https://www.antaranews.com/berita/5677349/dedi-kusnandar-persib-siap-hadapi-persija-di-semifinal-piala-presiden,https://cdn.antaranews.com/cache/800x533/2026/08/03/IMG_9111.jpeg
terkini,Wakil Ketua DPR salurkan beasiswa PIP ke ribuan pelajar Lombok Timur,"Mon, 03 Aug 2026 13:30:16 +0700",,Wakil Ketua DPR RI Sari Yuliati menyerahkan bantuan beasiswa Program Indonesia Pintar (PIP) 2026 kepada ribuan pelajar ...,https://www.antaranews.com/berita/5677345/wakil-ketua-dpr-salurkan-beasiswa-pip-ke-ribuan-pelajar-lombok-timur,https://cdn.antaranews.com/cache/800x533/2026/08/03/1005724306.jpg
terkini,Dinkop UKM Cilegon targetkan 21 gerai baru KKMP beroperasi September,"Mon, 03 Aug 2026 13:27:17 +0700",,ANTARA - Dinas Koperasi Usaha Kecil dan Menengah (Dinkop UKM) Kota Cilegon menargetkan pembangunan  21 gedung ...,https://www.antaranews.com/video/5677301/dinkop-ukm-cilegon-targetkan-21-gerai-baru-kkmp-beroperasi-september,https://cdn.antaranews.com/cache/800x533/2026/08/DINKOP-UKM-CILEGON-TARGETKAN-21-GERAI-BARU-KKMP-BEROPERASI-SEPTEMBER.jpg
"humaniora, terkini","Bantuan beras 30 kg cair mulai 17 Agustus 2026, ini jadwal dan cara cek penerimanya","Mon, 03 Aug 2026 13:27:14 +0700",,Pemerintah memastikan penyaluran bantuan pangan beras tahap II tahun 2026 akan dimulai pada 17 Agustus 2026. Bantuan ...,https://www.antaranews.com/berita/5677341/bantuan-beras-30-kg-cair-mulai-17-agustus-2026-ini-jadwal-dan-cara-cek-penerimanya,https://cdn.antaranews.com/cache/800x533/2026/04/26/kemensos-percepat-penyaluran-bansos-pkh-dan-bpnt-2778877.jpg
terkini,Puluhan santri Ponpes Darul Amanah Kendal kunjungi Istana Presiden,"Mon, 03 Aug 2026 13:24:08 +0700",,"Puluhan santri beserta pengajar Pondok Pesantren Darul Amanah Sukorejo, Kendal, Jawa Tengah, melakukan kunjungan ...",https://www.antaranews.com/berita/5677337/puluhan-santri-ponpes-darul-amanah-kendal-kunjungi-istana-presiden,https://cdn.antaranews.com/cache/800x533/2026/08/03/IMG_3918.jpeg
terkini,"Cek fakta, Pemprov Jabar resmi adakan kembali SPP untuk sekolah negeri pada Juli 2026","Mon, 03 Aug 2026 13:23:04 +0700",,Jakarta (ANTARA/JACX) – Sebuah unggahan di Facebook menarasikan bahwa Pemerintah Provinsi Jawa Barat ...,https://www.antaranews.com/berita/5677333/cek-fakta-pemprov-jabar-resmi-adakan-kembali-spp-untuk-sekolah-negeri-pada-juli-2026,https://cdn.antaranews.com/cache/800x533/2026/06/17/WhatsApp-Image-2026-06-17-at-20.14.04.jpeg
"lifestyle, terkini","Bahaya paparan pornografi pada anak: Dampak bagi otak, mental, dan perilaku","Mon, 03 Aug 2026 13:23:03 +0700",,"Perkembangan teknologi membuat anak-anak dan remaja semakin akrab dengan internet sejak usia dini. Di satu sisi, ...",https://www.antaranews.com/berita/5677332/bahaya-paparan-pornografi-pada-anak-dampak-bagi-otak-mental-dan-perilaku,https://cdn.antaranews.com/cache/800x533/2026/06/02/ilustrasi-konten-berbau-pornografi.jpg
terkini,Advokat ingatkan RUU Perampasan Aset tidak boleh jadi alat politik,"Mon, 03 Aug 2026 13:22:07 +0700",,Advokat Juniver Girsang mengingatkan kepada DPR RI agar Rancangan Undang-Undang (RUU) Perampasan Aset tidak justru ...,https://www.antaranews.com/berita/5677329/advokat-ingatkan-ruu-perampasan-aset-tidak-boleh-jadi-alat-politik,https://cdn.antaranews.com/cache/800x533/2026/08/03/1001295469.jpg
terkini,Hoaks! Febrie Adriansyah bebas karena emas dan uang sitaan dinyatakan palsu,"Mon, 03 Aug 2026 13:20:23 +0700",,Jakarta (ANTARA/JACX) – Sebuah unggahan di Facebook menarasikan bahwa mantan Jaksa Agung Muda Bidang ...,https://www.antaranews.com/berita/5677328/hoaks-febrie-adriansyah-bebas-karena-emas-dan-uang-sitaan-dinyatakan-palsu,https://cdn.antaranews.com/cache/800x533/2026/07/11/Konferensi-pers-Jampidsus-100726-Ada-2.jpg
terkini,Hoaks! Komdigi terapkan balik nama ponsel bekas seperti kendaraan pada Juli 2026,"Mon, 03 Aug 2026 13:19:15 +0700",,Jakarta (ANTARA/JACX) – Sebuah unggahan video di Facebook menarasikan bahwa Kementerian Komunikasi ...,https://www.antaranews.com/berita/5677324/hoaks-komdigi-terapkan-balik-nama-ponsel-bekas-seperti-kendaraan-pada-juli-2026,https://cdn.antaranews.com/cache/800x533/2026/07/08/1000135509.jpg
"ekonomi-bisnis, terkini","BPS catat nilai tukar petani di level 127,84 pada Juli 2026","Mon, 03 Aug 2026 13:18:40 +0700",,Badan Pusat Statistik (BPS) mencatat nilai tukar petani (NTP) secara nasional pada bulan Juli 2026 berada di level ...,https://www.antaranews.com/berita/5677323/bps-catat-nilai-tukar-petani-di-level-12784-pada-juli-2026,https://cdn.antaranews.com/cache/800x533/2026/03/02/20260302_083324.jpg
terkini,"Tebang 10 pohon peneduh, pengelola padel dipanggil Pemkot Bandung","Mon, 03 Aug 2026 13:17:41 +0700",,"Pemerintah Kota (Pemkot) Bandung, Jawa Barat, memanggil pengelola lapang Padel Six Nine untuk dimintai keterangan ...",https://www.antaranews.com/berita/5677320/tebang-10-pohon-peneduh-pengelola-padel-dipanggil-pemkot-bandung,https://cdn.antaranews.com/cache/800x533/2026/08/03/5b6bcd7b-f3c3-4ea6-ba5f-55c5deba8a39.jpeg
terkini,"Cek fakta, utang Indonesia tembus Rp10.000 triliun","Mon, 03 Aug 2026 13:17:18 +0700",,Jakarta (ANTARA/JACX) – Sebuah unggahan video di Facebook berdurasi sekitar satu menit menarasikan ...,https://www.antaranews.com/berita/5677319/cek-fakta-utang-indonesia-tembus-rp10000-triliun,https://cdn.antaranews.com/cache/800x533/2025/02/17/Utang-Luar-Negeri-Kuartal-III-Turun-161122-Adm-3.jpg
"ekonomi-bisnis, terkini, top-news","Nilai ekspor perdagangan RI Januari-Juni capai 140,81 miliar dolar AS","Mon, 03 Aug 2026 13:16:17 +0700",,"Badan Pusat Statistik (BPS) mencatat nilai ekspor Indonesia secara kumulatif dari Januari-Juni 2026 mencapai 140,81 ...",https://www.antaranews.com/berita/5677315/nilai-ekspor-perdagangan-ri-januari-juni-capai-14081-miliar-dolar-as,https://cdn.antaranews.com/cache/800x533/2026/07/02/neraca-perdagangan-januari-mei-2026-surplus-2815779.jpg
"tekno, terkini",Cara mengganti password WiFi lewat HP dan laptop dengan mudah,"Mon, 03 Aug 2026 13:16:14 +0700",,WiFi yang tiba-tiba terasa lambat padahal sinyal penuh dan kuota internet masih banyak tentu membuat kesal. Salah satu ...,https://www.antaranews.com/berita/5677312/cara-mengganti-password-wifi-lewat-hp-dan-laptop-dengan-mudah,https://cdn.antaranews.com/cache/800x533/2020/08/19/antarafoto-warga-sediakan-internet-gratis-bagi-pelajar-190820-ief-2-1.jpg
terkini,"AS-Iran mulai perundingan 3 Agustus, Trump singgung Hormuz dan denuklirisasi","Mon, 03 Aug 2026 13:14:21 +0700",,"Presiden AS Donald Trump mengatakan pada Minggu (2/8) bahwa negosiasi dengan Iran akan dimulai Senin sore, seraya ...",https://www.antaranews.com/berita/5677311/as-iran-mulai-perundingan-3-agustus-trump-singgung-hormuz-dan-denuklirisasi,https://cdn.antaranews.com/cache/800x533/2026/08/03/CjkinzN000006_20260803_CBMFN0A001.png
"ekonomi-bisnis, terkini",Menteri ATR sebut 400 Kantah sudah terapkan pengukuran terjadwal,"Mon, 03 Aug 2026 13:13:29 +0700",,Menteri Agraria dan Tata Ruang/Kepala Badan Pertanahan Nasional (ATR/BPN) Nusron Wahid mengatakan bahwa sudah ada 400 ...,https://www.antaranews.com/berita/5677308/menteri-atr-sebut-400-kantah-sudah-terapkan-pengukuran-terjadwal,https://cdn.antaranews.com/cache/800x533/2026/08/03/IMG_20260803_125328.jpg
terkini,Menag: Fungsi masjid perlu terus diperluas dalam memberdayakan umat,"Mon, 03 Aug 2026 13:10:48 +0700",,Menteri Agama (Menag) Nasaruddin Umar menegaskan fungsi masjid perlu terus diperluas sebagai pusat pemberdayaan ...,https://www.antaranews.com/berita/5677307/menag-fungsi-masjid-perlu-terus-diperluas-dalam-memberdayakan-umat,https://cdn.antaranews.com/cache/800x533/2026/08/03/1000176377.jpg
terkini,"Kemerdekaan, demokrasi, dan kesejahteraan rakyat","Mon, 03 Aug 2026 13:10:15 +0700",,"Kemerdekaan dan demokrasi adalah hulu, sementara kesejahteraan rakyat merupakan hilir. Imajinasi ini bersinggungan ...",https://www.antaranews.com/berita/5677303/kemerdekaan-demokrasi-dan-kesejahteraan-rakyat,https://cdn.antaranews.com/cache/800x533/2026/08/02/penjualan-pernak-pernik-hut-ri-di-jakarta-2832459.jpg
"terkini, top-news",Korban KMP Mutiara Sentosa II dievakuasi ke Pelabuhan Tanjung Perak,"Mon, 03 Aug 2026 13:06:15 +0700",,"Tim SAR gabungan terus melakukan evakuasi korban terbakarnya KMP Mutiara Sentosa 2 ke darat, tepatnya ke Pelabuhan ...",https://www.antaranews.com/berita/5677297/korban-kmp-mutiara-sentosa-ii-dievakuasi-ke-pelabuhan-tanjung-perak,https://cdn.antaranews.com/cache/800x533/2026/08/03/260821.jpg
terkini,Inggris terancam resesi jika Selat Hormuz terus tutup sampai 2027,"Mon, 03 Aug 2026 13:04:05 +0700",,"Inggris terancam mengalami resesi ekonomi pada 2027 apabila Selat Hormuz tak kunjung dibuka, menurut laporan surat ...",https://www.antaranews.com/berita/5677293/inggris-terancam-resesi-jika-selat-hormuz-terus-tutup-sampai-2027,https://cdn.antaranews.com/cache/800x533/2026/04/24/CmxztpE000057_20260128_PEPFN0A001.jpg
terkini,Pentingnya memantau asupan serat bagi wanita,"Mon, 03 Aug 2026 13:03:51 +0700",,"Ahli gizi Brenna Larson, M.S., RD mengatakan idealnya tiap wanita harus menargetkan 25 gram serat per hari karena ...",https://www.antaranews.com/berita/5677291/pentingnya-memantau-asupan-serat-bagi-wanita,https://cdn.antaranews.com/cache/800x533/2026/02/19/Sayur.jpg
terkini,Komandan Kodaeral IX pastikan kesiapan lomba selam OBA 2026 Ambon,"Mon, 03 Aug 2026 12:58:33 +0700",,Komandan Kodaeral (Dankodaeral) IX Laksda TNI Hanarko Djodi Pamungkas memastikan kesiapan penyelenggaraan lomba selam ...,https://www.antaranews.com/berita/5677288/komandan-kodaeral-ix-pastikan-kesiapan-lomba-selam-oba-2026-ambon,https://cdn.antaranews.com/cache/800x533/2026/08/03/1001838324.jpg
terkini,Polda Metro petakan wilayah dan tingkatkan kesiapsiagaan hadapi potensi bencana,"Mon, 03 Aug 2026 12:57:30 +0700",,"Polda Metro Jaya meningkatkan kesiapsiagaan menghadapi potensi bencana melalui penguatan personel, peralatan, pemetaan ...",https://www.antaranews.com/berita/5677287/polda-metro-petakan-wilayah-dan-tingkatkan-kesiapsiagaan-hadapi-potensi-bencana,https://cdn.antaranews.com/cache/800x533/2026/08/03/1000830286.jpg
"photo, terkini",Pemerintah bangun 1.416 Jembatan Garuda untuk hubungkan desa terpencil,"Mon, 03 Aug 2026 12:53:00 +0700",,Foto udara pengendara sepeda motor melintasi Jembatan Gantung Garuda yang menghubungkan Desa Kertarahayu dan Desa ...,https://www.antaranews.com/foto/5677284/pemerintah-bangun-1416-jembatan-garuda-untuk-hubungkan-desa-terpencil,https://cdn.antaranews.com/cache/800x533/2026/08/03/Pembangunan-Jembatan-Garuda-percepat-akses-desa-030826-ryl-1.jpg
terkini,"Ganggu warga, Pemkot Bandung siapkan aturan jam operasional padel","Mon, 03 Aug 2026 12:51:21 +0700",,"Pemerintah Kota (Pemkot) Bandung, Jawa Barat, menyiapkan aturan yang lebih ketat terkait jam operasional lapangan padel ...",https://www.antaranews.com/berita/5677281/ganggu-warga-pemkot-bandung-siapkan-aturan-jam-operasional-padel,https://cdn.antaranews.com/cache/800x533/2026/08/03/IMG_9100.jpeg
terkini,Janice Tjen hadapi Samsonova pada babak pertama WTA 1000 Toronto,"Mon, 03 Aug 2026 12:49:42 +0700",,Petenis Indonesia Janice Tjen akan menghadapi petenis Rusia Liudmila Samsonova pada babak pertama turnamen WTA 1000 ...,https://www.antaranews.com/berita/5677277/janice-tjen-hadapi-samsonova-pada-babak-pertama-wta-1000-toronto,https://cdn.antaranews.com/cache/800x533/2026/05/22/Janice.jpg
terkini,Komisi X DPR minta putusan MK soal anggaran MBG diterapkan mulai 2027,"Mon, 03 Aug 2026 12:46:15 +0700",,Wakil Ketua Komisi X DPR RI MY Esti Wijayati meminta putusan Mahkamah Konstitusi soal anggaran program Makan Bergizi ...,https://www.antaranews.com/berita/5677275/komisi-x-dpr-minta-putusan-mk-soal-anggaran-mbg-diterapkan-mulai-2027,https://cdn.antaranews.com/cache/800x533/2025/11/25/FotoGrid_20250926_164705807.jpg
terkini,China temukan akselerator partikel kosmik terkuat,"Mon, 03 Aug 2026 12:45:16 +0700",,Para ilmuwan China yang menggunakan Observatorium Pancaran Udara Ketinggian Besar (LHAASO) baru-baru ini menemukan ...,https://www.antaranews.com/berita/5677271/china-temukan-akselerator-partikel-kosmik-terkuat,https://cdn.antaranews.com/cache/800x533/2026/08/03/1000376273.jpg
"ekonomi-bisnis, terkini",PT PAL-BRIN wujudkan galangan kapal hijau dukung industri perkapalan,"Mon, 03 Aug 2026 12:43:28 +0700",,PT PAL Indonesia bersama Badan Riset dan Inovasi Nasional (BRIN) berkolaborasi mewujudkan transformasi green ...,https://www.antaranews.com/berita/5677267/pt-pal-brin-wujudkan-galangan-kapal-hijau-dukung-industri-perkapalan,https://cdn.antaranews.com/cache/800x533/2026/08/03/a647aa30-a843-4000-98a0-07d27228a41e.jpeg
terkini,Presiden Prabowo terima PM Thailand di Istana Merdeka Senin sore,"Mon, 03 Aug 2026 12:42:12 +0700",,Presiden Prabowo Subianto dijadwalkan menerima kunjungan resmi Perdana Menteri (PM) Thailand Anutin Charnvirakul di ...,https://www.antaranews.com/berita/5677263/presiden-prabowo-terima-pm-thailand-di-istana-merdeka-senin-sore,https://cdn.antaranews.com/cache/800x533/2026/07/09/IMG_4165.jpg
terkini,Polda Metro siapkan pengaturan lalin kunjungan PM Thailand ke Jakarta,"Mon, 03 Aug 2026 12:41:30 +0700",,Direktorat Lalu Lintas (Ditlantas) Polda Metro Jaya menyiapkan pengawalan dan pengaturan lalu lintas selama kunjungan ...,https://www.antaranews.com/berita/5677261/polda-metro-siapkan-pengaturan-lalin-kunjungan-pm-thailand-ke-jakarta,https://cdn.antaranews.com/cache/800x533/2026/02/09/Anutin-Thailand.jpg
terkini,Bunga Sakura mulai mekar di Kebun Raya Cibodas Jabar,"Mon, 03 Aug 2026 12:37:32 +0700",,"Kebun Raya Cibodas di Kabupaten Cianjur, Jawa Barat, mencatat Bunga Sakura (Prunus cerasoides) salah satu koleksi ...",https://www.antaranews.com/berita/5677260/bunga-sakura-mulai-mekar-di-kebun-raya-cibodas-jabar,https://cdn.antaranews.com/cache/800x533/2026/08/03/sakura-cibodas.jpg
terkini,Kemensos jadikan Sekolah Rakyat Kendari upaya putus rantai kemiskinan,"Mon, 03 Aug 2026 12:36:09 +0700",,"Kementerian Sosial (Kemensos) melalui Unit Pelaksana Teknis (UPT) Sentra Meohai Kendari, Sulawesi Tenggara ...",https://www.antaranews.com/berita/5677259/kemensos-jadikan-sekolah-rakyat-kendari-upaya-putus-rantai-kemiskinan,https://cdn.antaranews.com/cache/800x533/2026/08/03/08a4893c-061a-4b99-a171-d810f9fec9eb.jpeg
"ekonomi-bisnis, terkini","Pangan, transportasi, dan emas perhiasan dorong inflasi pada Juli 2026","Mon, 03 Aug 2026 12:32:11 +0700",,"Badan Pusat Statistik (BPS) mencatat kelompok makanan, minuman, dan tembakau, transportasi, serta perawatan pribadi dan ...",https://www.antaranews.com/berita/5677256/pangan-transportasi-dan-emas-perhiasan-dorong-inflasi-pada-juli-2026,https://cdn.antaranews.com/cache/800x533/2026/08/03/bps.jpeg
"ekonomi-bisnis, terkini","BPS: Neraca perdagangan Januari-Juni 2026 surplus 3,58 miliar dolar AS","Mon, 03 Aug 2026 12:27:18 +0700",,"Badan Pusat Statistik (BPS) mencatat bahwa neraca perdagangan barang Indonesia mengalami surplus senilai 3,58 miliar ...",https://www.antaranews.com/berita/5677252/bps-neraca-perdagangan-januari-juni-2026-surplus-358-miliar-dolar-as,https://cdn.antaranews.com/cache/800x533/2026/08/03/bps.jpeg
terkini,Korlantas Polri-Jasa Marga kolaborasi penanganan kendaraan ODOL,"Mon, 03 Aug 2026 12:25:10 +0700",,Korps Lalu Lintas (Korlantas) Polri dan Jasa Marga berkolaborasi dalam penanganan kendaraan over dimension ...,https://www.antaranews.com/berita/5677251/korlantas-polri-jasa-marga-kolaborasi-penanganan-kendaraan-odol,https://cdn.antaranews.com/cache/800x533/2026/08/03/1000087084.jpg
top-news,Aktor senior Diding Boneng meninggal dunia,"Mon, 03 Aug 2026 11:39:03 +0700",,"Aktor sekaligus komedian tanah air, Zainal Abidin alias Diding Boneng dikabarkan meninggal dunia pada Senin (3/8) dalam ...",https://www.antaranews.com/berita/5677209/aktor-senior-diding-boneng-meninggal-dunia,https://cdn.antaranews.com/cache/800x533/2026/08/03/26f1eb88-3301-4ae1-badd-bed5078fe3dd.jpeg
top-news,Seskab: Prabowo dorong sinergi pemerintah dan dunia usaha,"Mon, 03 Aug 2026 11:17:50 +0700",,Sekretaris Kabinet Teddy Indra Wijaya menyampaikan bahwa Presiden Prabowo Subianto menekankan pentingnya sinergi antara ...,https://www.antaranews.com/berita/5677191/seskab-prabowo-dorong-sinergi-pemerintah-dan-dunia-usaha,https://cdn.antaranews.com/cache/800x533/2026/08/03/IMG_0891.jpeg
top-news,"Red Velvet bersiap kembali lewat EP baru ""Velvet Summer""","Mon, 03 Aug 2026 10:24:37 +0700",,Grup idola K-pop Red Velvet akan kembali lewat rilis mini album atau extended play (EP) baru bertajuk “Velvet ...,https://www.antaranews.com/berita/5677151/red-velvet-bersiap-kembali-lewat-ep-baru-velvet-summer,https://cdn.antaranews.com/cache/800x533/2026/08/03/ca97a3a8-aa17-45fc-be71-d36051dd9dcd.jpeg
"ekonomi-bisnis, top-news",Menaker pastikan komitmen pemerintah perkuat kesejahteraan pekerja,"Mon, 03 Aug 2026 10:16:19 +0700",,"Menteri Ketenagakerjaan (Menaker) Yassierli memastikan pemerintah berkomitmen untuk memperkuat kesejahteraan, ...",https://www.antaranews.com/berita/5677148/menaker-pastikan-komitmen-pemerintah-perkuat-kesejahteraan-pekerja,https://cdn.antaranews.com/cache/800x533/2025/09/20/pelepasan-peserta-pemagangan-ke-jepang-di-jawa-barat-2627513.jpg
top-news,23 calon hakim agung dan ad hoc ikuti seleksi wawancara akhir,"Mon, 03 Aug 2026 10:15:01 +0700",,Sebanyak 23 orang calon hakim agung dan ad hoc Mahkamah Agung Tahun 2026 mengikuti seleksi wawancara tahap akhir di ...,https://www.antaranews.com/berita/5677137/23-calon-hakim-agung-dan-ad-hoc-ikuti-seleksi-wawancara-akhir,https://cdn.antaranews.com/cache/800x533/2026/08/03/1000012883_1.jpg
top-news,BRIN perkuat kajian sungai bawah tanah di Kebumen untuk ketahanan air,"Mon, 03 Aug 2026 09:57:19 +0700",,Badan Riset dan Inovasi Nasional (BRIN) memperkuat riset ketahanan air melalui pengembangan teknologi dan penelitian ...,https://www.antaranews.com/berita/5677120/brin-perkuat-kajian-sungai-bawah-tanah-di-kebumen-untuk-ketahanan-air,https://cdn.antaranews.com/cache/800x533/2026/08/03/1785706440-47672950-1.jpg
"ekonomi-bisnis, top-news",Harga bensin turun pada pekan pertama Agustus,"Mon, 03 Aug 2026 09:51:00 +0700",,"Harga bahan bakar minyak (BBM) jenis bensin di stasiun pengisian bahan bakar umum (SPBU) Pertamina, Shell, dan bp ...",https://www.antaranews.com/berita/5677109/harga-bensin-turun-pada-pekan-pertama-agustus,https://cdn.antaranews.com/cache/800x533/2024/10/02/penuruanan-harga-bbm-011024-aaa-7.jpg
top-news,Sean Gelael berbagi pengalaman di dunia balap ke pengunjung GIIAS 2026,"Mon, 03 Aug 2026 09:34:53 +0700",,Pembalap Indonesia Sean Gelael berbagi pengalamannya di dunia balap ke pengunjung GAIKINDO Indonesia International ...,https://www.antaranews.com/berita/5677103/sean-gelael-berbagi-pengalaman-di-dunia-balap-ke-pengunjung-giias-2026,https://cdn.antaranews.com/cache/800x533/2026/08/03/16b70b87-326f-479a-a806-580ab846cc6f_1.jpeg
"ekonomi-bursa, top-news","IHSG Senin dibuka menguat 36,49 poin ke posisi 6.272","Mon, 03 Aug 2026 09:11:26 +0700",,"Indeks Harga Saham Gabungan (IHSG) Bursa Efek Indonesia (BEI) pada Senin pagi dibuka menguat 36,49 poin atau 0,59 ...",https://www.antaranews.com/berita/5677071/ihsg-senin-dibuka-menguat-3649-poin-ke-posisi-6272,https://cdn.antaranews.com/cache/800x533/2026/07/27/pergerakan-indeks-harga-saham-gabungan-2828631.jpg
top-news,PLN Jakarta pastikan pasokan listrik sudah berhasil dipulihkan,"Mon, 03 Aug 2026 08:36:26 +0700",,PT PLN (Persero) Unit Induk Distribusi Jakarta Raya mengungkapkan pasokan listrik telah berhasil ...,https://www.antaranews.com/berita/5677043/pln-jakarta-pastikan-pasokan-listrik-sudah-berhasil-dipulihkan,https://cdn.antaranews.com/cache/800x533/2026/08/03/IMG-20231217-WA0015-1.jpg
top-news,Ledakan di kantor polisi Pakistan tewaskan 14 orang,"Mon, 03 Aug 2026 07:44:23 +0700",,"Sebuah ledakan terjadi di luar sebuah kantor polisi di Kota Kabal, Pakistan, mengakibatkan 14 orang tewas dan 14 orang ...",https://www.antaranews.com/berita/5677020/ledakan-di-kantor-polisi-pakistan-tewaskan-14-orang,https://cdn.antaranews.com/cache/800x533/2026/08/03/CmxztpE000019_20260803_PEPFN0A001.jpg
top-news,Ratusan korban selamat KMP Mutiara Santosa 2 tiba di Tanjung Perak,"Mon, 03 Aug 2026 06:37:38 +0700",,Sebanyak 111 korban selamat dan dua meninggal dunia akibat kebakaran KMP Mutiara Santosa II di Perairan Utara ...,https://www.antaranews.com/berita/5676983/ratusan-korban-selamat-kmp-mutiara-santosa-2-tiba-di-tanjung-perak,https://cdn.antaranews.com/cache/800x533/2026/08/03/259549_1.jpg
top-news,Sebagian Jakarta diguyur hujan ringan pada Senin sore hingga malam,"Mon, 03 Aug 2026 06:11:02 +0700",,"Badan Meteorologi, Klimatologi, dan Geofisika (BMKG) memprakirakan hujan ringan akan melanda sebagian wilayah Jakarta ...",https://www.antaranews.com/berita/5676963/sebagian-jakarta-diguyur-hujan-ringan-pada-senin-sore-hingga-malam,https://cdn.antaranews.com/cache/800x533/2026/03/01/IMG_20260301_073711.jpg
top-news,Atlet-atlet nasional borong 18 medali Poomsae Indonesia Open 2026,"Mon, 03 Aug 2026 04:18:40 +0700",,"Atlet-atlet tuan rumah Indonesia tampil impresif pada nomor Poomsae 8th Asian Taekwondo, Indonesia Open ...",https://www.antaranews.com/berita/5676947/atlet-atlet-nasional-borong-18-medali-poomsae-indonesia-open-2026,https://cdn.antaranews.com/cache/800x533/2026/08/02/andi-sultan-raih-medali-emas-asian-taekwondo-indonesia-open-championships-2026-020826-dr-04.jpg
top-news,Kemenhub kerahkan kapal patroli evakuasi KM Mutiara Sentosa II,"Mon, 03 Aug 2026 00:03:37 +0700",,Kementerian Perhubungan mengerahkan kapal patroli Kesatuan Penjagaan Laut dan Pantai (KPLP) serta memperkuat koordinasi ...,https://www.antaranews.com/berita/5676931/kemenhub-kerahkan-kapal-patroli-evakuasi-km-mutiara-sentosa-ii,https://cdn.antaranews.com/cache/800x533/2026/08/02/KMP-Mutiara-Sentosa-2-terbakar-di-Sumenep-02082026-Um-9.jpg
top-news,John Herdman: Laga lawan Vietnam peluang Indonesia ambil kendali grup,"Sun, 02 Aug 2026 20:58:18 +0700",,Pelatih tim nasional Indonesia John Herdman menyebut laga skuadnya menghadapi Vietnam pada lanjutan ...,https://www.antaranews.com/berita/5676799/john-herdman-laga-lawan-vietnam-peluang-indonesia-ambil-kendali-grup,https://cdn.antaranews.com/cache/800x533/2026/08/02/f830ddbf-3b22-4a67-a02e-07a3ccba455c.jpg
top-news,Basarnas: 232 korban KMP Mutiara Santosa 2 dievakuasi lima meninggal,"Sun, 02 Aug 2026 20:58:10 +0700",,"Badan SAR Nasional (Basarnas) menyatakan sebanyak 232 korban kebakaran KMP Mutiara Santosa 2 di Perairan Utara Sumenep, ...",https://www.antaranews.com/berita/5676796/basarnas-232-korban-kmp-mutiara-santosa-2-dievakuasi-lima-meninggal,https://cdn.antaranews.com/cache/800x533/2026/08/02/1001118275_1.jpg
"photo, top-news",KMP Mutiara Sentosa 2 terbakar di perairan Sumenep,"Sun, 02 Aug 2026 19:00:25 +0700",,"Kapal Mutiara Sentosa 2 terbakar di perairan Sumenep, Jawa Timur, Minggu (2/8/2026). Kapal Motor Penumpang (KMP) ...",https://www.antaranews.com/foto/5676725/kmp-mutiara-sentosa-2-terbakar-di-perairan-sumenep,https://cdn.antaranews.com/cache/800x533/2026/08/02/KMP-Mutiara-Sentosa-2-terbakar-di-Sumenep-02082026-Um-9.jpg
top-news,Kepala BGN hentikan sementara SPPG Karangturi usai insiden pangan,"Sun, 02 Aug 2026 18:06:54 +0700",,"Kepala Badan Gizi Nasional (BGN) Sudaryono menghentikan sementara Satuan Pelayanan Pemenuhan Gizi (SPPG) Karangturi, ...",https://www.antaranews.com/berita/5676704/kepala-bgn-hentikan-sementara-sppg-karangturi-usai-insiden-pangan,https://cdn.antaranews.com/cache/800x533/2026/08/02/upscalemedia-transformed-5.jpg
top-news,Empat penumpang KMP Mutiara Sentosa 2 dilaporkan meninggal dunia,"Sun, 02 Aug 2026 18:03:19 +0700",,Sebanyak empat penumpang Kapal Motor Penyeberangan (KMP) Mutiara Sentosa 2 dilaporkan meninggal dunia akibat kebakaran ...,https://www.antaranews.com/berita/5676700/empat-penumpang-kmp-mutiara-sentosa-2-dilaporkan-meninggal-dunia,https://cdn.antaranews.com/cache/800x533/2026/08/02/KMP-Mutiara-Sentosa-2-terbakar-di-Sumenep-02082026-Um-9.jpg
top-news,Tragedi Ceuta: 90 migran tewas saat menuju wilayah Spanyol dari Maroko,"Sun, 02 Aug 2026 17:37:11 +0700",,"Jumlah migran yang tewas saat mencoba memasuki wilayah kantong Spanyol di Ceuta, Afrika Utara, dari Maroko mencapai 90 ...",https://www.antaranews.com/berita/5676688/tragedi-ceuta-90-migran-tewas-saat-menuju-wilayah-spanyol-dari-maroko,https://cdn.antaranews.com/cache/800x533/2026/08/02/thumbs_b_c_b45a072fcf2b0222189e4f1f5c2a3807.jpg
top-news,"Korban tewas gempa Jepang jadi 38 orang, ribuan warga masih mengungsi","Sun, 02 Aug 2026 16:02:01 +0700",,Jumlah korban tewas akibat gempa bumi kuat yang mengguncang Prefektur Kumamoto di barat daya Jepang pekan lalu ...,https://www.antaranews.com/berita/5676628/korban-tewas-gempa-jepang-jadi-38-orang-ribuan-warga-masih-mengungsi,https://cdn.antaranews.com/cache/800x533/2026/07/31/Gempa-Bumi-Di-Kumamoto-Jepang-310726-JH-3.jpg
top-news,William Zepeda atasi Roach untuk rebut sabuk juara dunia WBC,"Sun, 02 Aug 2026 16:01:55 +0700",,Petinju William Zepeda mengatasi Lamont Roach Jr dengan kemenangan angka untuk merebut sabuk juara dunia kelas ringan ...,https://www.antaranews.com/berita/5676625/william-zepeda-atasi-roach-untuk-rebut-sabuk-juara-dunia-wbc,https://cdn.antaranews.com/cache/800x533/2026/08/02/4f02b6dc-36cc-44b4-aa19-5f8b74c51425.jpeg
top-news,Israel serang Gaza lagi meski sepakat lanjutkan gencatan senjata,"Sun, 02 Aug 2026 15:58:04 +0700",,"Delapan warga Palestina, termasuk dua anak, tewas dalam serangkaian serangan udara Israel di seluruh Jalur Gaza pada ...",https://www.antaranews.com/berita/5676624/israel-serang-gaza-lagi-meski-sepakat-lanjutkan-gencatan-senjata,https://cdn.antaranews.com/cache/800x533/2026/08/01/thumbs_b_c_186832d7ab4775afec853057c8952c3d.jpg
top-news,Leo/Daniel amankan gelar juaraTaipei Open 2026,"Sun, 02 Aug 2026 15:12:06 +0700",,Pebulu tangkis ganda putra Indonesia Leo Rolly Carnando/Daniel Marthin mengamankan gelar juara Taipei Open ...,https://www.antaranews.com/berita/5676584/leo-daniel-amankan-gelar-juarataipei-open-2026,https://cdn.antaranews.com/cache/800x533/2026/08/02/badminton.jpg
politik,"4 contoh sambutan ketua panitia 17 Agustus 2026 singkat, formal, dan penuh makna","Sun, 02 Aug 2026 11:04:26 +0700",,Peringatan HUT ke-81 Kemerdekaan Republik Indonesia pada 17 Agustus 2026 menjadi momentum bagi masyarakat untuk ...,https://www.antaranews.com/berita/5676415/4-contoh-sambutan-ketua-panitia-17-agustus-2026-singkat-formal-dan-penuh-makna,https://cdn.antaranews.com/cache/800x533/2025/08/18/lomba-memerihakan-hut-kemerdekaan-ri-di-ciamis-2602537.jpg
politik,"Cara daftar Upacara 17 Agustus 2026 di Istana Merdeka, simak syarat dan jadwalnya","Sun, 02 Aug 2026 10:59:29 +0700",,Pemerintah belum mengumumkan jadwal resmi pembukaan pendaftaran peserta upacara peringatan HUT ke-81 Kemerdekaan ...,https://www.antaranews.com/berita/5676408/cara-daftar-upacara-17-agustus-2026-di-istana-merdeka-simak-syarat-dan-jadwalnya,https://cdn.antaranews.com/cache/800x533/2026/08/02/Upacara-Prasetya-Perwira-TNI-POLRI-22072026-gp-2.jpg
politik,Cara war tiket upacara 17 Agustus 2026 di Istana,"Fri, 31 Jul 2026 15:15:56 +0700",,Masyarakat yang ingin mengikuti upacara peringatan HUT ke-81 Kemerdekaan Republik Indonesia di Istana Merdeka pada 17 ...,https://www.antaranews.com/berita/5674240/cara-war-tiket-upacara-17-agustus-2026-di-istana,https://cdn.antaranews.com/cache/800x533/2023/08/18/193.jpg
politik,"HUT RI 2026: Tema, logo resmi, makna, dan jadwal upacara 17 Agustus","Fri, 31 Jul 2026 13:39:10 +0700",,Indonesia akan memperingati Hari Ulang Tahun (HUT) ke-81 Kemerdekaan Republik Indonesia pada 17 Agustus 2026. ...,https://www.antaranews.com/berita/5674081/hut-ri-2026-tema-logo-resmi-makna-dan-jadwal-upacara-17-agustus,https://cdn.antaranews.com/cache/800x533/2026/07/18/1000032945.jpg
politik,"20 ide tema 17 Agustus 2026 yang kreatif, unik, dan penuh makna untuk HUT ke-81 RI","Thu, 30 Jul 2026 23:34:21 +0700",,Perayaan Hari Ulang Tahun (HUT) ke-81 Kemerdekaan Republik Indonesia pada 17 Agustus 2026 tinggal menghitung hari. ...,https://www.antaranews.com/berita/5673507/20-ide-tema-17-agustus-2026-yang-kreatif-unik-dan-penuh-makna-untuk-hut-ke-81-ri,https://cdn.antaranews.com/cache/800x533/2026/06/30/IMG-20260630-WA0035.jpg
politik,"Paspor habis masa berlaku? Begini cara perpanjang, syarat, dan biaya terbarunya","Tue, 28 Jul 2026 07:06:24 +0700",,Paspor merupakan dokumen resmi yang diterbitkan pemerintah sebagai bukti identitas dan kewarganegaraan seseorang saat ...,https://www.antaranews.com/berita/5668629/paspor-habis-masa-berlaku-begini-cara-perpanjang-syarat-dan-biaya-terbarunya,https://cdn.antaranews.com/cache/800x533/2026/07/27/Imigrasi-CFD.jpeg
politik,Apakah pindah rumah wajib ganti KTP dan KK?,"Tue, 28 Jul 2026 05:58:39 +0700",,Masyarakat yang pindah rumah atau tinggal di rumah kontrakan kerap bertanya apakah wajib mengubah alamat pada Kartu ...,https://www.antaranews.com/berita/5668575/apakah-pindah-rumah-wajib-ganti-ktp-dan-kk,https://cdn.antaranews.com/cache/800x533/2026/07/23/capil.jpeg
politik,6 dokumen kependudukan yang bisa diurus tanpa surat pengantar RT/RW,"Thu, 23 Jul 2026 08:21:32 +0700",,Sejumlah layanan administrasi kependudukan kini dapat diurus masyarakat tanpa surat pengantar dari RT/RW maupun ...,https://www.antaranews.com/berita/5661824/6-dokumen-kependudukan-yang-bisa-diurus-tanpa-surat-pengantar-rt-rw,https://cdn.antaranews.com/cache/800x533/2026/07/04/1000589524.jpg
politik,"Nanik S Deyang resmi mundur dari Kepala BGN, ini alasannya","Wed, 22 Jul 2026 19:02:40 +0700",,Kepala Badan Gizi Nasional (BGN) Nanik Sudaryati Deyang mengundurkan diri dari jabatannya setelah menyampaikan ...,https://www.antaranews.com/berita/5661036/nanik-s-deyang-resmi-mundur-dari-kepala-bgn-ini-alasannya,https://cdn.antaranews.com/cache/800x533/2026/07/22/konferensi-pers-pejabat-baru-bgn-2799833.jpg
politik,Berikut rangkuman lawatan Ratu Máxima di Indonesia,"Thu, 27 Nov 2025 13:58:38 +0700",,Ratu Máxima baru saja merampungkan rangkaian kunjungan kerjanya ke Indonesia yang berlangsung sejak Senin hingga ...,https://www.antaranews.com/berita/5270237/berikut-rangkuman-lawatan-ratu-mxima-di-indonesia,https://cdn.antaranews.com/cache/800x533/2025/11/27/presiden-prabowo-menerima-kunjungan-ratu-maxima-2676737.jpg
politik,"Profil istri Wiranto, Rugaiya Usman","Mon, 17 Nov 2025 18:33:12 +0700",,"Keluarga besar Jenderal (Purn) TNI Wiranto tengah berduka atas wafatnya sang istri, Rugaiya Usman, yang meninggal dunia ...",https://www.antaranews.com/berita/5247525/profil-istri-wiranto-rugaiya-usman,https://cdn.antaranews.com/cache/800x533/2025/11/17/persemayaman-istri-wiranto-2669113.jpg
politik,"Raja Yordania Abdullah II sambangi Indonesia, berikut profilnya","Fri, 14 Nov 2025 21:44:23 +0700",,Raja Yordania Abdullah Bin Al-Hussein (Abdullah II) dijadwalkan melakukan kunjungan kenegaraan ke Indonesia pada Jumat ...,https://www.antaranews.com/berita/5243173/raja-yordania-abdullah-ii-sambangi-indonesia-berikut-profilnya,https://cdn.antaranews.com/cache/800x533/2025/11/14/presiden-prabowo-terima-gelar-kehormatan-dari-raja-yordania-2667993.jpg
politik,Kilas balik hubungan bersejarah Prabowo dan Raja Yordania,"Fri, 14 Nov 2025 21:43:31 +0700",,Raja Yordania Abdullah Bin Al-Hussein (Abdullah II) dijadwalkan melakukan kunjungan kenegaraan ke Indonesia pada Jumat ...,https://www.antaranews.com/berita/5243169/kilas-balik-hubungan-bersejarah-prabowo-dan-raja-yordania,https://cdn.antaranews.com/cache/800x533/2025/11/14/1000007463.jpg
politik,Profil Sari Yuliati pengganti Mukhtarudin sebagai sekretaris F-Golkar di DPR,"Thu, 13 Nov 2025 20:05:26 +0700",,Nama Sari Yuliati tengah menjadi sorotan publik karena dirinya kini ditetapkan sebagai Sekretaris Fraksi Partai Golkar ...,https://www.antaranews.com/berita/5240457/profil-sari-yuliati-pengganti-mukhtarudin-sebagai-sekretaris-f-golkar-di-dpr,https://cdn.antaranews.com/cache/800x533/2025/10/06/wakil-ketua-komisi-III-DPR-RI-Sari-yuliati.jpg
politik,"Sosok Marsinah, buruh tangguh yang ditetapkan sebagai pahlawan","Tue, 11 Nov 2025 14:44:54 +0700",,"Presiden Prabowo Subianto pada peringatan Hari Pahlawan, Senin (10/11), di Istana Negara Jakarta, resmi menganugerahkan ...",https://www.antaranews.com/berita/5234417/sosok-marsinah-buruh-tangguh-yang-ditetapkan-sebagai-pahlawan,https://cdn.antaranews.com/cache/800x533/2025/11/11/pemberian-gelar-pahlawan-nasional-2664349.jpg
politik,Riwayat Mochtar Kusumaatmadja yang dianugerahi Pahlawan Nasional,"Mon, 10 Nov 2025 23:59:59 +0700",,Presiden RI Prabowo Subianto baru saja menganugerahi gelar Pahlawan Nasional kepada sepuluh tokoh pada peringatan Hari ...,https://www.antaranews.com/berita/5233365/riwayat-mochtar-kusumaatmadja-yang-dianugerahi-pahlawan-nasional,https://cdn.antaranews.com/cache/800x533/2025/11/10/pemberian-gelar-pahlawan-nasional-2664457.jpg
politik,Profil 10 pahlawan nasional baru yang ditetapkan Prabowo tahun 2025,"Mon, 10 Nov 2025 23:58:09 +0700",,"Setiap tanggal 10 November, bangsa Indonesia memperingati Hari Pahlawan sebagai bentuk penghormatan atas perjuangan ...",https://www.antaranews.com/berita/5233357/profil-10-pahlawan-nasional-baru-yang-ditetapkan-prabowo-tahun-2025,https://cdn.antaranews.com/cache/800x533/2025/11/10/pemberian-gelar-pahlawan-nasional-2664457.jpg
politik,Sosok Zainal Abidin Syah yang perjuangkan Irian Barat bagian NKRI,"Mon, 10 Nov 2025 23:51:16 +0700",,Presiden RI Prabowo Subianto baru saja menganugerahi gelar Pahlawan Nasional kepada sepuluh tokoh pada peringatan Hari ...,https://www.antaranews.com/berita/5233321/sosok-zainal-abidin-syah-yang-perjuangkan-irian-barat-bagian-nkri,https://cdn.antaranews.com/cache/800x533/2025/11/10/pemberian-gelar-pahlawan-nasional-2664453.jpg
politik,"Tuan Rondahaim Saragih, Napoleon dari Batak yang dapat gelar pahlawan","Mon, 10 Nov 2025 23:41:37 +0700",,Presiden RI Prabowo Subianto baru saja menganugerahi gelar Pahlawan Nasional kepada sepuluh tokoh pada peringatan Hari ...,https://www.antaranews.com/berita/5233285/tuan-rondahaim-saragih-napoleon-dari-batak-yang-dapat-gelar-pahlawan,https://cdn.antaranews.com/cache/800x533/2025/11/10/pemberian-gelar-pahlawan-nasional-2664433.jpg
politik,Mengenal lembaga MKD DPR RI beserta tugas dan wewenangnya,"Thu, 06 Nov 2025 17:03:15 +0700",,"Dalam sistem parlemen Indonesia, terdapat lembaga internal yang berperan menjaga kehormatan dan pengawas etika para ...",https://www.antaranews.com/berita/5224313/mengenal-lembaga-mkd-dpr-ri-beserta-tugas-dan-wewenangnya,https://cdn.antaranews.com/cache/800x533/2025/11/05/Sidang-putusan-kasus-dugaan-pelanggaran-kode-etik-anggota-DPR-051125-RIV-3.jpg
hukum,"Daftar 7 Kejaksaan Negeri baru yang dibentuk Prabowo, ini lokasi dan tujuannya","Wed, 29 Jul 2026 07:22:43 +0700",,Presiden Prabowo Subianto membentuk tujuh Kejaksaan Negeri (Kejari) baru melalui Peraturan Presiden (Perpres) Nomor 40 ...,https://www.antaranews.com/berita/5670295/daftar-7-kejaksaan-negeri-baru-yang-dibentuk-prabowo-ini-lokasi-dan-tujuannya,https://cdn.antaranews.com/cache/800x533/2026/07/24/1000086234.jpg
hukum,Tarif naturalisasi WNI terbaru 2026: WNA kini harus bayar Rp75 juta,"Wed, 22 Jul 2026 18:57:33 +0700",,Warga negara asing (WNA) yang ingin menjadi warga negara Indonesia (WNI) melalui jalur naturalisasi atau ...,https://www.antaranews.com/berita/5661024/tarif-naturalisasi-wni-terbaru-2026-wna-kini-harus-bayar-rp75-juta,https://cdn.antaranews.com/cache/800x533/2026/07/16/IMG_20260716_135714.jpg
hukum,Segini tarif pelepasan status WNI berdasarkan aturan terbaru,"Wed, 22 Jul 2026 18:50:38 +0700",,Warga negara Indonesia (WNI) yang mengajukan permohonan pelepasan kewarganegaraan atas kemauan sendiri dikenai tarif ...,https://www.antaranews.com/berita/5661003/segini-tarif-pelepasan-status-wni-berdasarkan-aturan-terbaru,https://cdn.antaranews.com/cache/800x533/2026/07/10/1001726681.jpg
hukum,Cara membuat SIM digital resmi dengan mudah dan cepat,"Mon, 20 Jul 2026 18:27:53 +0700",,Pengendara kini dapat memanfaatkan SIM Digital sebagai dokumen pendamping SIM fisik melalui aplikasi resmi Digital ...,https://www.antaranews.com/berita/5657467/cara-membuat-sim-digital-resmi-dengan-mudah-dan-cepat,https://cdn.antaranews.com/cache/800x533/2026/07/15/1000641429.jpg
hukum,Cara dan biaya balik nama sertifikat tanah orang tua ke anak,"Fri, 17 Jul 2026 08:56:17 +0700",,"Proses balik nama sertipikat tanah dari orang tua kepada anak kerap menjadi pertanyaan masyarakat, terutama terkait ...",https://www.antaranews.com/berita/5653296/cara-dan-biaya-balik-nama-sertifikat-tanah-orang-tua-ke-anak,https://cdn.antaranews.com/cache/800x533/2026/07/15/IMG_20260715_184614.v1.jpg
hukum,Profil Laras Faizati,"Sat, 17 Jan 2026 17:59:37 +0700",,"Majelis Hakim Pengadilan Negeri Jakarta Selatan, pada Kamis (15/1), menjatuhkan vonis pidana pengawasan kepada Laras ...",https://www.antaranews.com/berita/5357446/profil-laras-faizati,https://cdn.antaranews.com/cache/800x533/2026/01/15/sidang-vonis-larasati-15012026-bal-11.jpg
hukum,"Profil Yaqut Cholil Qoumas, eks Menag yang terjerat korupsi kouta haji","Sat, 10 Jan 2026 19:34:46 +0700",,"Komisi Pemberantasan Korupsi (KPK) telah menetapkan mantan Menteri Agama (Menag) Yaqut Cholil Qoumas, dan staf ...",https://www.antaranews.com/berita/5344189/profil-yaqut-cholil-qoumas-eks-menag-yang-terjerat-korupsi-kouta-haji,https://cdn.antaranews.com/cache/800x533/2026/01/09/pelepasan-kloter-pertama-jamaah-calon-haji-120524-sgd-8.jpg
hukum,Simak rekrutmen PPPK Kemenham 2026: Syarat dan jadwal pelaksanaan,"Sun, 04 Jan 2026 18:56:49 +0700",,Kementerian Hak Asasi Manusia (KemenHAM) tengah membuka kesempatan bagi talenta terbaik bangsa untuk bergabung sebagai ...,https://www.antaranews.com/berita/5332888/simak-rekrutmen-pppk-kemenham-2026-syarat-dan-jadwal-pelaksanaan,https://cdn.antaranews.com/cache/800x533/2025/12/31/pelantikan-pppk-paruh-waktu-pemprov-sulteng-2698576.jpg
hukum,Rincian LHKPN Bupati Bekasi Ade Kuswara Kunang capai Rp79 miliar,"Fri, 19 Dec 2025 13:29:24 +0700",,Bupati Bekasi Ade Kuswara Kunang ditangkap Komisi Pemberantasan Korupsi (KPK) dalam operasi tangkap tangan (OTT) yang ...,https://www.antaranews.com/berita/5312848/rincian-lhkpn-bupati-bekasi-ade-kuswara-kunang-capai-rp79-miliar,https://cdn.antaranews.com/cache/800x533/2025/12/19/IMG-20250815-007.jpg
hukum,"Profil Ade Kuswara Kunang, Bupati Bekasi yang ditangkap KPK","Fri, 19 Dec 2025 13:19:58 +0700",,"Bupati Bekasi, Ade Kuswara Kunang yang kurang lebih 10 bulan menjabat, telah terjaring dalam operasi tangkap tangan ...",https://www.antaranews.com/berita/5312827/profil-ade-kuswara-kunang-bupati-bekasi-yang-ditangkap-kpk,https://cdn.antaranews.com/cache/800x533/2025/12/19/bekasi-1.jpg
hukum,"Profil Komjen Suyudi Ario Seto, Kepala BNN penangkap buronan Interpol","Wed, 17 Dec 2025 15:11:31 +0700",,"Komjen Pol Suyudi Ario Seto, Kepala Badan Narkotika Nasional (BNN) RI, belakangan menjadi perhatian publik setelah ...",https://www.antaranews.com/berita/5309269/profil-komjen-suyudi-ario-seto-kepala-bnn-penangkap-buronan-interpol,https://cdn.antaranews.com/cache/800x533/2025/12/02/bnn-tangkap-buronan-internasional-02122025-bal-3.jpg
hukum,Daftar negara Eropa yang bisa dikunjungi WNI tanpa visa,"Tue, 16 Dec 2025 13:55:37 +0700",,"Mengunjungi negara-negara di kawasan Eropa kerap menjadi impian banyak pelancong. Namun, proses pengajuan visa Schengen ...",https://www.antaranews.com/berita/5307133/daftar-negara-eropa-yang-bisa-dikunjungi-wni-tanpa-visa,https://cdn.antaranews.com/cache/800x533/2025/11/25/IMG_20251125_150743.jpg
hukum,"Sosok Ira Puspadewi, eks dirut ASDP yang terima rehabilitasi presiden","Wed, 26 Nov 2025 15:58:59 +0700",,"Presiden Prabowo secara resmi memberikan hak rehabilitasi hukum kepada Ira Puspadewi, eks Direktur Utama PT Angkutan ...",https://www.antaranews.com/berita/5267953/sosok-ira-puspadewi-eks-dirut-asdp-yang-terima-rehabilitasi-presiden,https://cdn.antaranews.com/cache/800x533/2025/11/20/sidang-putusan-kasus-korupsi-pt-asdp-indonesia-2672213.jpg
hukum,Apa Itu KUHAP? memahami regulasi baru setelah disahkan DPR,"Wed, 19 Nov 2025 15:42:13 +0700",,Dewan Perwakilan Rakyat Republik Indonesia (DPR RI) resmi mengesahkan Rancangan Kitab Undang-Undang Hukum Acara Pidana ...,https://www.antaranews.com/berita/5252153/apa-itu-kuhap-memahami-regulasi-baru-setelah-disahkan-dpr,https://cdn.antaranews.com/cache/800x533/2025/11/18/DPR-setujui-RUU-KUHAP-menjadi-undang-undang-181125-RIV-1.jpg
hukum,"Profil Arsul Sani, Hakim Konstitusi yang datang dari politisi","Mon, 17 Nov 2025 18:46:47 +0700",,Arsul Sani yang merupakan politikus dilantik sebagai Hakim Konstitusi pada 18 Januari 2024. Ia diajukan sebagai Hakim ...,https://www.antaranews.com/berita/5247593/profil-arsul-sani-hakim-konstitusi-yang-datang-dari-politisi,https://cdn.antaranews.com/cache/800x533/2025/11/17/konferensi-pers-arsul-sani-terkait-ijazah-doktoral-2669545.jpg
hukum,Profil Hendra Kurniawan yang batal dijatuhi PTDH dari kasus Brigadir J,"Sat, 15 Nov 2025 07:17:09 +0700",,"Nama Brigjen Pol Hendra Kurniawan, yang sebelumnya menjabat sebagai Kepala Biro Pengamanan Internal (Karopaminal) ...",https://www.antaranews.com/berita/5243549/profil-hendra-kurniawan-yang-batal-dijatuhi-ptdh-dari-kasus-brigadir-j,https://cdn.antaranews.com/cache/800x533/2020/12/07/pers-2.jpg
hukum,"LHKPN Agus Pramono, Sekda Ponorogo selama 13 tahun","Tue, 11 Nov 2025 17:29:46 +0700",,Komisi Pemberantasan Korupsi (KPK) menetapkan Sekretaris Daerah (Sekda) Ponorogo Agus Pramono sebagai salah satu dari ...,https://www.antaranews.com/berita/5234961/lhkpn-agus-pramono-sekda-ponorogo-selama-13-tahun,https://cdn.antaranews.com/cache/800x533/2025/11/09/Gelar-Perkara-OTT-Bupati-Ponorogo-KPK-081125-Adm-6.jpg
hukum,"Profil Dwiarso Budi Santiarto, Wakil Ketua MA Bidang Non-Yudisial baru","Tue, 11 Nov 2025 14:45:17 +0700",,Presiden RI Prabowo Subianto melantik Dwiarso Budi Santiarto sebagai Wakil Ketua Mahkamah Agung (MA) Bidang ...,https://www.antaranews.com/berita/5234421/profil-dwiarso-budi-santiarto-wakil-ketua-ma-bidang-non-yudisial-baru,https://cdn.antaranews.com/cache/800x533/2025/11/10/pelantikan-wakil-ketua-ma-bidang-non-yudisial-2664745.jpg
hukum,"Profil Jimly Asshiddiqie, sosok Ketua Komite Reformasi Polri","Sun, 09 Nov 2025 19:14:55 +0700",,"Presiden RI Prabowo Subianto resmi melantik sepuluh anggota Komisi Percepatan Reformasi Polri di Istana Merdeka, ...",https://www.antaranews.com/berita/5230469/profil-jimly-asshiddiqie-sosok-ketua-komite-reformasi-polri,https://cdn.antaranews.com/cache/800x533/2025/11/07/keterangan-pers-komisi-percepatan-reformasi-polri-2662937.jpg
hukum,Daftar 10 anggota Komisi Percepatan Reformasi Polri,"Sun, 09 Nov 2025 19:13:42 +0700",,Presiden Prabowo Subianto beberapa hari lalu secara resmi melantik sepuluh tokoh sebagai anggota Komisi Percepatan ...,https://www.antaranews.com/berita/5230465/daftar-10-anggota-komisi-percepatan-reformasi-polri,https://cdn.antaranews.com/cache/800x533/2025/11/07/keterangan-pers-komisi-percepatan-reformasi-polri-2662933.jpg
"ekonomi, otomotif","Jam buka GIIAS 2026 lengkap, simak jadwal operasional dan harga tiket","Sat, 01 Aug 2026 14:57:18 +0700",,Pameran otomotif Gaikindo Indonesia International Auto Show (GIIAS) 2026 resmi digelar pada 30 Juli hingga 9 Agustus ...,https://otomotif.antaranews.com/berita/5675691/jam-buka-giias-2026-lengkap-simak-jadwal-operasional-dan-harga-tiket,https://cdn.antaranews.com/cache/800x533/2026/07/31/IMG_1452.jpg
"ekonomi, otomotif","6 titik shuttle bus gratis GIIAS 2026 ke ICE BSD, cek lokasi & jadwalnya","Thu, 30 Jul 2026 18:17:21 +0700",,Penyelenggara GAIKINDO Indonesia International Auto Show (GIIAS) 2026 kembali menyediakan layanan shuttle bus gratis ...,https://otomotif.antaranews.com/berita/5672876/6-titik-shuttle-bus-gratis-giias-2026-ke-ice-bsd-cek-lokasi-jadwalnya,https://cdn.antaranews.com/cache/800x533/2026/07/29/IMG_1404.jpg
ekonomi,Kenapa harga emas turun? Ini 5 penyebab utama dan prospeknya ke depan,"Tue, 28 Jul 2026 08:36:17 +0700",,"Emas dikenal sebagai salah satu instrumen investasi yang kerap dijadikan aset lindung nilai (safe haven), terutama ...",https://www.antaranews.com/berita/5668688/kenapa-harga-emas-turun-ini-5-penyebab-utama-dan-prospeknya-ke-depan,https://cdn.antaranews.com/cache/800x533/2026/07/12/bazar-emas-pegadaian-di-palu-2718730.jpg
"ekonomi, otomotif",Apakah motor listrik boleh dicas semalaman? Ini penjelasan dan tips agar baterai awet,"Tue, 28 Jul 2026 07:00:21 +0700",,Kebiasaan mengecas motor listrik semalaman masih menjadi pertanyaan bagi banyak pengguna. Meski sebagian motor listrik ...,https://otomotif.antaranews.com/berita/5668623/apakah-motor-listrik-boleh-dicas-semalaman-ini-penjelasan-dan-tips-agar-baterai-awet,https://cdn.antaranews.com/cache/800x533/2026/07/18/1000137568.jpg
"ekonomi, otomotif","6 rekomendasi sepeda listrik terbaik 2026, irit dan cocok untuk harian","Fri, 24 Jul 2026 08:47:54 +0700",,"Sepeda listrik semakin menjadi pilihan masyarakat sebagai sarana mobilitas harian karena menawarkan efisiensi, biaya ...",https://otomotif.antaranews.com/berita/5663681/6-rekomendasi-sepeda-listrik-terbaik-2026-irit-dan-cocok-untuk-harian,https://cdn.antaranews.com/cache/800x533/2023/09/21/antarafoto-produksi-sepeda-motor-listrik-di-bogor-210923-arf-1.jpg
"ekonomi, otomotif","6 rekomendasi motor listrik stylish 2026, desain modern, fitur canggih","Fri, 24 Jul 2026 05:59:53 +0700",,"Motor listrik semakin diminati masyarakat Indonesia karena menawarkan desain modern, biaya operasional yang lebih ...",https://otomotif.antaranews.com/berita/5663587/6-rekomendasi-motor-listrik-stylish-2026-desain-modern-fitur-canggih,https://cdn.antaranews.com/cache/800x533/2024/10/30/28b22ee1-6a0e-4d7b-97a4-99db6f488b5e.jpg
"ekonomi, otomotif","8 penyebab vespa matic brebet saat digas, kadang tidak disadari","Thu, 23 Jul 2026 09:09:53 +0700",,"Vespa matic menjadi salah satu skuter yang cukup populer di Indonesia, terutama di kalangan anak muda. Selain ...",https://otomotif.antaranews.com/berita/5661915/8-penyebab-vespa-matic-brebet-saat-digas-kadang-tidak-disadari,https://cdn.antaranews.com/cache/800x533/2023/02/21/oli.jpg
"ekonomi, otomotif",Benarkah bensin RON tinggi lebih irit? Ini penjelasan sesuai mesin,"Thu, 23 Jul 2026 08:46:46 +0700",,Banyak pemilik kendaraan beranggapan bahwa menggunakan bensin dengan angka oktan atau Research Octane Number (RON) yang ...,https://otomotif.antaranews.com/berita/5661875/benarkah-bensin-ron-tinggi-lebih-irit-ini-penjelasan-sesuai-mesin,https://cdn.antaranews.com/cache/800x533/2026/07/22/1000675435.jpg
"ekonomi, otomotif",Apa yang terjadi jika salah isi BBM? Ini dampaknya pada mesin mobil,"Thu, 23 Jul 2026 08:39:36 +0700",,"Kesalahan mengisi bahan bakar kendaraan masih menjadi masalah yang kerap dialami sebagian pengendara, terutama saat ...",https://otomotif.antaranews.com/berita/5661857/apa-yang-terjadi-jika-salah-isi-bbm-ini-dampaknya-pada-mesin-mobil,https://cdn.antaranews.com/cache/800x533/2026/06/10/harga-bbm-nonsubsidi-jenis-pertamax-naik-2802925.jpg
ekonomi,Biaya hidup di Jakarta 2026: Berapa pengeluaran lajang dan keluarga?,"Thu, 23 Jul 2026 08:18:51 +0700",,Biaya hidup di Jakarta pada 2026 masih menjadi perhatian bagi pekerja lajang maupun keluarga karena tingginya kebutuhan ...,https://www.antaranews.com/berita/5661819/biaya-hidup-di-jakarta-2026-berapa-pengeluaran-lajang-dan-keluarga,https://cdn.antaranews.com/cache/800x533/2019/07/09/antarafoto-kci-dukung-mewujudkan-program-cashless-society-090719-adm-6.jpg
"ekonomi, otomotif",8 tanda CVT motor matic Anda sudah harus diservis,"Wed, 22 Jul 2026 19:32:05 +0700",,Perawatan rutin menjadi salah satu kunci untuk menjaga performa motor matic tetap optimal. Selain mengganti oli mesin ...,https://otomotif.antaranews.com/berita/5661103/8-tanda-cvt-motor-matic-anda-sudah-harus-diservis,https://cdn.antaranews.com/cache/800x533/2023/09/27/6d499_6d499c332488530491b12a016525013a.jpeg
"ekonomi, otomotif",Amankah mencampurkan Pertamax dan Pertalite untuk kendaraan?,"Wed, 22 Jul 2026 19:14:05 +0700",,Kenaikan harga bahan bakar minyak (BBM) kerap membuat sebagian pemilik kendaraan mencari cara untuk menghemat biaya ...,https://otomotif.antaranews.com/berita/5661063/amankah-mencampurkan-pertamax-dan-pertalite-untuk-kendaraan,https://cdn.antaranews.com/cache/800x533/2026/07/06/1000674537.jpg
"ekonomi, otomotif",Apakah bensin dicampur minyak kayu putih bisa lebih irit?,"Fri, 17 Jul 2026 08:05:17 +0700",,Klaim bahwa mencampurkan minyak kayu putih ke dalam bensin dapat membuat konsumsi bahan bakar lebih irit ramai ...,https://otomotif.antaranews.com/berita/5653273/apakah-bensin-dicampur-minyak-kayu-putih-bisa-lebih-irit,https://cdn.antaranews.com/cache/800x533/2026/07/02/inflasi-jawa-tengah-pada-juni-2026-2815559.jpg
ekonomi,"Mata uang Iran melemah, apa bedanya rial dan toman?","Wed, 14 Jan 2026 18:23:19 +0700",,Mata uang Iran belakangan menjadi sorotan dunia seiring memanasnya tensi geopolitik dan kebijakan ekonomi global. ...,https://www.antaranews.com/berita/5352089/mata-uang-iran-melemah-apa-bedanya-rial-dan-toman,https://cdn.antaranews.com/cache/800x533/2026/01/14/bendera-Iran-ilustrasi-Iran.jpg
ekonomi,Jenis perak yang bisa dijadikan aset investasi,"Wed, 31 Dec 2025 15:53:57 +0700",,"Selain emas, perak juga merupakan jenis logam berharga lainnya yang memiliki nilai strategis sebagai instrumen ...",https://www.antaranews.com/berita/5328430/jenis-perak-yang-bisa-dijadikan-aset-investasi,https://cdn.antaranews.com/cache/800x533/2025/07/10/1000061875.jpg
ekonomi,Ketahui keuntungan dan kekurangan berinvestasi perak,"Tue, 30 Dec 2025 19:43:43 +0700",,Investasi perak kini mulai dilirik sebagai alternatif aset karena harga yang jauh lebih terjangkau dibandingkan emas. ...,https://www.antaranews.com/berita/5327344/ketahui-keuntungan-dan-kekurangan-berinvestasi-perak,https://cdn.antaranews.com/cache/800x533/2025/06/02/1000061873.jpg
ekonomi,Ingin coba investasi perak? Simak tips dan caranya untuk pemula,"Tue, 30 Dec 2025 11:04:20 +0700",,"Selama ini, emas dikenal sebagai primadona investasi logam mulia. Namun, saat ini perak juga bisa menjadi alternatif ...",https://www.antaranews.com/berita/5326660/ingin-coba-investasi-perak-simak-tips-dan-caranya-untuk-pemula,https://cdn.antaranews.com/cache/800x533/2025/07/10/1000061875.jpg
ekonomi,Sosok Brigitte Bardot: Aktris legenda asal Prancis & aktivis hak hewan,"Mon, 29 Dec 2025 16:51:10 +0700",,"Aktris legendaris Prancis, Brigitte Bardot, dikabarkan meninggal dunia pada usia 91 tahun pada Minggu (28/12). Dalam ...",https://www.antaranews.com/berita/5325640/sosok-brigitte-bardot-aktris-legenda-asal-prancis-aktivis-hak-hewan,https://cdn.antaranews.com/cache/800x533/2025/12/28/cinema-bb.jpg
ekonomi,"Sering terjadi, hindari 10 kesalahan dalam mengatur keuangan di akhir tahun","Sat, 27 Dec 2025 09:24:10 +0700",,"Menjelang berakhirnya tahun 2025, tidak sedikit orang mulai melakukan evaluasi keuangan sekaligus merencanakan langkah ...",https://www.antaranews.com/berita/5323399/sering-terjadi-hindari-10-kesalahan-dalam-mengatur-keuangan-di-akhir-tahun,https://cdn.antaranews.com/cache/800x533/2024/04/21/IMG-20240421-WA0019.jpg
ekonomi,Cara menyusun target keuangan 2026 agar lebih terarah & berkelanjutan,"Sat, 27 Dec 2025 09:22:08 +0700",,"Menjelang datangnya Tahun Baru 2026, tidak sedikit orang mulai melakukan refleksi sekaligus menyusun rencana keuangan ...",https://www.antaranews.com/berita/5323396/cara-menyusun-target-keuangan-2026-agar-lebih-terarah-berkelanjutan,https://cdn.antaranews.com/cache/800x533/2025/02/12/1000345700.jpg
ekonomi-finansial,Rupiah diperkirakan menguat seiring AS batalkan rencana serang Iran,"Mon, 03 Aug 2026 10:12:26 +0700",,"Analis Doo Financial Futures, Lukman Leong memperkirakan rupiah menguat seiring Amerika Serikat (AS) membatalkan ...",https://www.antaranews.com/berita/5677132/rupiah-diperkirakan-menguat-seiring-as-batalkan-rencana-serang-iran,https://cdn.antaranews.com/cache/800x533/2026/07/27/nilai-tukar-rupiah-melemah-2828847.jpg
ekonomi-finansial,Rupiah pada Senin pagi melemah jadi Rp18.031 per dolar AS,"Mon, 03 Aug 2026 09:05:50 +0700",,"Nilai tukar rupiah pada Senin pagi bergerak melemah 9 poin atau 0,05 persen menjadi Rp18.031 per dolar AS dibandingkan ...",https://www.antaranews.com/berita/5677063/rupiah-pada-senin-pagi-melemah-jadi-rp18031-per-dolar-as,https://cdn.antaranews.com/cache/800x533/2026/07/27/nilai-tukar-rupiah-melemah-2828879.jpg
ekonomi-finansial,Komisi XI: PFII peluang RI tangkap momentum perpindahan modal global,"Mon, 03 Aug 2026 06:53:34 +0700",,Wakil Ketua Komisi XI DPR RI Mohamad Hekal mengatakan percepatan pembentukan Pusat Finansial Internasional Indonesia ...,https://www.antaranews.com/berita/5676995/komisi-xi-pfii-peluang-ri-tangkap-momentum-perpindahan-modal-global,https://cdn.antaranews.com/cache/800x533/2026/08/03/Saham-dan-oblogasi.jpg
ekonomi-finansial,BUMA International Group bukukan pertumbuhan EBITDA semester I/2026,"Mon, 03 Aug 2026 06:17:40 +0700",,PT BUMA Internasional Gorup membukukan pertumbuhan EBITDA pada semester pertama 2026 (1H26) di tengah penurunan ...,https://www.antaranews.com/berita/5676967/buma-international-group-bukukan-pertumbuhan-ebitda-semester-i-2026,https://cdn.antaranews.com/cache/800x533/2026/08/02/buma.jpg
ekonomi-finansial,Walikota Samarinda dorong reformasi fiskal siasati penurunan anggaran,"Sun, 02 Aug 2026 14:50:44 +0700",,"Wali Kota Samarinda, Andi Harun, mendorong reformasi fiskal melalui efisiensi dan penguatan Pendapatan Asli Daerah ...",https://www.antaranews.com/berita/5676560/walikota-samarinda-dorong-reformasi-fiskal-siasati-penurunan-anggaran,https://cdn.antaranews.com/cache/800x533/2026/08/02/IMG_3529.jpeg
ekonomi-finansial,Pemprov Sulteng beri insentif pajak kendaraan bermotor mulai 3 Agustus,"Sun, 02 Aug 2026 09:54:26 +0700",,Pemerintah Provinsi Sulawesi Tengah memberikan insentif pajak kendaraan bermotor (PKB) sebagai upaya meringankan beban ...,https://www.antaranews.com/berita/5676349/pemprov-sulteng-beri-insentif-pajak-kendaraan-bermotor-mulai-3-agustus,https://cdn.antaranews.com/cache/800x533/2026/08/02/IMG-20260802-WA0001.jpg
ekonomi-finansial,LPDB siapkan KDKMP di Papua agar layak memperoleh pembiayaan,"Sat, 01 Aug 2026 16:45:47 +0700",,Lembaga Pengelola Dana Bergulir (LPDB) Koperasi memperkuat kapasitas 15 Koperasi Desa/Kelurahan Merah Putih (KDKMP) ...,https://www.antaranews.com/berita/5675779/lpdb-siapkan-kdkmp-di-papua-agar-layak-memperoleh-pembiayaan,https://cdn.antaranews.com/cache/800x533/2026/08/01/WhatsApp-Image-2026-08-01-at-16.36.12.jpeg
ekonomi-finansial,Apkasi usulkan formula DBH berbasis produksi perkuat fiskal daerah,"Sat, 01 Aug 2026 14:59:10 +0700",,Asosiasi Pemerintah Kabupaten Seluruh Indonesia (Apkasi) mengusulkan penyempurnaan formula Dana Bagi Hasil (DBH) sektor ...,https://www.antaranews.com/berita/5675695/apkasi-usulkan-formula-dbh-berbasis-produksi-perkuat-fiskal-daerah,https://cdn.antaranews.com/cache/800x533/2026/08/01/1000175928.jpg
ekonomi-finansial,Gubernur Khofifah beri keringanan pajak kendaraan selama Agustus 2026,"Sat, 01 Aug 2026 10:03:39 +0700",,Gubernur Jawa Timur Khofifah Indar Parawansa memberikan keringanan pembayaran pajak kendaraan selama periode 1-31 ...,https://www.antaranews.com/berita/5675479/gubernur-khofifah-beri-keringanan-pajak-kendaraan-selama-agustus-2026,https://cdn.antaranews.com/cache/800x533/2026/08/01/1311386.jpg
ekonomi-finansial,Maybank Indonesia bukukan laba bersih Rp698 miliar semester I-2026,"Sat, 01 Aug 2026 00:09:43 +0700",,"PT Bank Maybank Indonesia Tbk (Maybank Indonesia) membukukan laba bersih sebesar Rp698 miliar pada semester I-2026, ...",https://www.antaranews.com/berita/5675279/maybank-indonesia-bukukan-laba-bersih-rp698-miliar-semester-i-2026,https://cdn.antaranews.com/cache/800x533/2025/05/02/Sentra-Senayan-Picture-Night-Time-1_2.jpg
ekonomi-finansial,"IIF bukukan aset Rp15 triliun dan pembiayaan baru Rp2,5 triliun","Fri, 31 Jul 2026 23:05:50 +0700",,"PT Indonesia Infrastructure Finance (IIF) mencatat aset Rp15 triliun dan komitmen pembiayaan baru Rp2,5 triliun pada ...",https://www.antaranews.com/berita/5675203/iif-bukukan-aset-rp15-triliun-dan-pembiayaan-baru-rp25-triliun,https://cdn.antaranews.com/cache/800x533/2026/07/31/B9A16C4E-32D5-4162-BA5C-89F5A5135BC8.jpeg
ekonomi-finansial,AAJI: PSAK 117 ubah standar laporan keuangan perusahaan asuransi,"Fri, 31 Jul 2026 21:50:31 +0700",,Asosiasi Asuransi Jiwa Indonesia (AAJI) menyatakan penerapan Pernyataan Standar Akuntansi Keuangan (PSAK) 117 yang baru ...,https://www.antaranews.com/berita/5675049/aaji-psak-117-ubah-standar-laporan-keuangan-perusahaan-asuransi,https://cdn.antaranews.com/cache/800x533/2026/07/31/1000451545.jpg
ekonomi-finansial,"Program MBG serap anggaran Rp2,02 triliun di NTB per Juni 2026","Fri, 31 Jul 2026 21:35:31 +0700",,Kantor Wilayah Direktorat Jenderal Perbendaharaan (DPJb) Provinsi Nusa Tenggara Barat mencatat realisasi belanja negara ...,https://www.antaranews.com/berita/5675015/program-mbg-serap-anggaran-rp202-triliun-di-ntb-per-juni-2026,https://cdn.antaranews.com/cache/800x533/2026/07/31/1001426687.jpg
ekonomi-finansial,OJK sebut pertukaran informasi antarlembaga soal judol kian intensif,"Fri, 31 Jul 2026 21:20:06 +0700",,Otoritas Jasa Keuangan (OJK) menyatakan bahwa koordinasi dan pertukaran informasi antarlembaga sebagai bagian dari ...,https://www.antaranews.com/berita/5674981/ojk-sebut-pertukaran-informasi-antarlembaga-soal-judol-kian-intensif,https://cdn.antaranews.com/cache/800x533/2026/07/25/Nilai-transaksi-judol-setiap-tahun-240726-AP-4.jpg
ekonomi-finansial,Ekonom: Efektivitas obligasi daerah bergantung kapasitas fiskal pemda,"Fri, 31 Jul 2026 21:07:51 +0700",,Ekonom Center of Reform on Economics (CORE) Yusuf Rendy Manilet menilai efektivitas penerbitan obligasi oleh pemerintah ...,https://www.antaranews.com/berita/5674956/ekonom-efektivitas-obligasi-daerah-bergantung-kapasitas-fiskal-pemda,https://cdn.antaranews.com/cache/800x533/2020/11/13/InShot_20200910_104834146.jpg
ekonomi-finansial,Ekonom: Obligasi pemda hanya efektif untuk biayai proyek produktif,"Fri, 31 Jul 2026 21:02:18 +0700",,Ekonom Institute for Development of Economics and Finance (INDEF) M Rizal Taufikurahman mengatakan penerbitan obligasi ...,https://www.antaranews.com/berita/5674952/ekonom-obligasi-pemda-hanya-efektif-untuk-biayai-proyek-produktif,https://cdn.antaranews.com/cache/800x533/2026/01/08/20260108_141804_Chrome.jpg
ekonomi-finansial,OJK: Keberhasilan berantas judol tak hanya dari penurunan transaksi,"Fri, 31 Jul 2026 20:53:11 +0700",,Otoritas Jasa Keuangan (OJK) memandang keberhasilan pemberantasan judi online tidak hanya diukur dari penurunan ...,https://www.antaranews.com/berita/5674936/ojk-keberhasilan-berantas-judol-tak-hanya-dari-penurunan-transaksi,https://cdn.antaranews.com/cache/800x533/2026/07/23/WhatsApp-Image-2026-07-08-at-23.55.17.jpeg
ekonomi-finansial,Percepatan DBH dan TKD dinilai bisa dorong kapasitas ekonomi daerah,"Fri, 31 Jul 2026 19:46:08 +0700",,Kepala Ekonom Permata Bank Josua Pardede menilai rencana pemerintah mempercepat pencairan dana bagi hasil (DBH) dan ...,https://www.antaranews.com/berita/5674820/percepatan-dbh-dan-tkd-dinilai-bisa-dorong-kapasitas-ekonomi-daerah,https://cdn.antaranews.com/cache/800x533/2025/11/19/pardede.jpg
ekonomi-finansial,"Laba konsolidasi Bank SMBC Indonesia naik 40,3 persen pada semester I","Fri, 31 Jul 2026 19:23:27 +0700",,PT Bank SMBC Indonesia Tbk membukukan laba bersih setelah pajak konsolidasi yang diatribusikan kepada pemilik entitas ...,https://www.antaranews.com/berita/5674780/laba-konsolidasi-bank-smbc-indonesia-naik-403-persen-pada-semester-i,https://cdn.antaranews.com/cache/800x533/2026/07/31/Foto-2-3.jpeg
ekonomi-finansial,"Bank Neo Commerce bukukan laba bersih Rp294,85 M pada semester I 2026","Fri, 31 Jul 2026 19:20:34 +0700",,"PT Bank Neo Commerce Tbk (BNC) membukukan laba bersih setelah pajak (profit after tax/PAT) sebesar Rp294,85 miliar pada ...",https://www.antaranews.com/berita/5674772/bank-neo-commerce-bukukan-laba-bersih-rp29485-m-pada-semester-i-2026,https://cdn.antaranews.com/cache/800x533/2026/07/31/WhatsApp-Image-2026-07-31-at-17.22.56.jpeg
ekonomi-bisnis,"Laba bersih Tugu Insurance capai Rp480,29 miliar pada semester I 2026","Mon, 03 Aug 2026 12:24:56 +0700",,PT Asuransi Tugu Pratama Indonesia Tbk atau Tugu Insurance membukukan laba tahun berjalan yang dapat diatribusikan ...,https://www.antaranews.com/berita/5677249/laba-bersih-tugu-insurance-capai-rp48029-miliar-pada-semester-i-2026,https://cdn.antaranews.com/cache/800x533/2026/08/03/WhatsApp-Image-2026-08-03-at-11.02.17.jpeg
ekonomi-bisnis,"BPS: Indonesia catat deflasi bulanan 0,14 persen pada Juli 2026","Mon, 03 Aug 2026 12:20:12 +0700",,"Badan Pusat Statistik (BPS) mencatat Indonesia mengalami deflasi sebesar 0,14 persen secara bulanan ...",https://www.antaranews.com/berita/5677247/bps-indonesia-catat-deflasi-bulanan-014-persen-pada-juli-2026,https://cdn.antaranews.com/cache/800x533/2026/08/03/bps.jpeg
ekonomi-bisnis,"Kemendag kantongi potensi ekspor Rp1,87 miliar ke Chile","Mon, 03 Aug 2026 12:16:02 +0700",,Kementerian Perdagangan (Kemendag) melalui Indonesia Trade Promotion Center (ITPC) Santiago di Chile menggelar ...,https://www.antaranews.com/berita/5677237/kemendag-kantongi-potensi-ekspor-rp187-miliar-ke-chile,https://cdn.antaranews.com/cache/800x533/2026/06/03/IMG_3208.jpeg
ekonomi-bisnis,"Ekonomi RI alami inflasi tahunan sebesar 2,88 persen pada Juli 2026","Mon, 03 Aug 2026 11:31:08 +0700",,"Badan Pusat Statistik (BPS) mencatat perekonomian Indonesia mengalami inflasi sebesar 2,88 persen secara tahunan ...",https://www.antaranews.com/berita/5677207/ekonomi-ri-alami-inflasi-tahunan-sebesar-288-persen-pada-juli-2026,https://cdn.antaranews.com/cache/800x533/2026/07/01/WhatsApp-Image-2026-07-01-at-10.59.31_edit_549938834278582_1.jpg
ekonomi-bisnis,Kementan dorong pengembangan gula tumbu alternatif hilirisasi tebu,"Mon, 03 Aug 2026 11:13:22 +0700",,Direktorat Jenderal Perkebunan Kementerian Pertanian mendorong pengembangan industri gula tumbu sebagai alternatif ...,https://www.antaranews.com/berita/5677183/kementan-dorong-pengembangan-gula-tumbu-alternatif-hilirisasi-tebu,https://cdn.antaranews.com/cache/800x533/2026/08/03/1001046969.jpg
ekonomi-bisnis,KSP: Pemerintah sempurnakan regulasi terkait LTJ dan unsur radioaktif,"Mon, 03 Aug 2026 11:05:02 +0700",,Kantor Staf Presiden (KSP) menyatakan pemerintah kini tengah menyempurnakan regulasi yang mengatur ...,https://www.antaranews.com/berita/5677179/ksp-pemerintah-sempurnakan-regulasi-terkait-ltj-dan-unsur-radioaktif,https://cdn.antaranews.com/cache/800x533/2026/08/03/IMG_5412.jpeg
ekonomi-bisnis,Daftar lengkap harga emas tiga jenama di Pegadaian pada Senin,"Mon, 03 Aug 2026 10:41:19 +0700",,"Harga emas di laman Pegadaian dikutip dari Jakarta, Senin, pukul 10.30 WIB, menunjukkan produk dari Galeri24, Antam, ...",https://www.antaranews.com/berita/5677164/daftar-lengkap-harga-emas-tiga-jenama-di-pegadaian-pada-senin,https://cdn.antaranews.com/cache/800x533/2026/02/23/Harga-Emas-Antam-Naik-Jakarta-1.jpg
ekonomi-bisnis,Wamenaker:Penguatan kompetensi vokasi dan bahasa perluas peluang kerja,"Mon, 03 Aug 2026 10:12:46 +0700",,Wakil Menteri Ketenagakerjaan (Wamenaker) Afriansyah Noor menekankan pentingnya penguatan kompetensi dan kemampuan ...,https://www.antaranews.com/berita/5677136/wamenakerpenguatan-kompetensi-vokasi-dan-bahasa-perluas-peluang-kerja,https://cdn.antaranews.com/cache/800x533/2026/07/30/5cf5bd9f-4b4b-4451-9d28-2cef5e460156.jpeg
ekonomi-bisnis,HKI rumuskan solusi percepatan investasi untuk perkuat daya saing,"Mon, 03 Aug 2026 10:00:10 +0700",,Himpunan Kawasan Industri (HKI) Indonesia merumuskan sejumlah solusi strategis untuk mempercepat realisasi investasi ...,https://www.antaranews.com/berita/5677121/hki-rumuskan-solusi-percepatan-investasi-untuk-perkuat-daya-saing,https://cdn.antaranews.com/cache/800x533/2026/08/03/HKI-Ma-ruf_edit_214468334305293.jpg
ekonomi-bisnis,KKP: Tarif nol persen tuna ke Jepang perlu didukung penguatan hulu,"Mon, 03 Aug 2026 09:28:26 +0700",,Kementerian Kelautan dan Perikanan (KKP) menilai pemberlakuan tarif preferensi nol persen bagi produk olahan tuna dan ...,https://www.antaranews.com/berita/5677092/kkp-tarif-nol-persen-tuna-ke-jepang-perlu-didukung-penguatan-hulu,https://cdn.antaranews.com/cache/800x533/2026/07/03/WhatsApp-Image-2026-07-03-at-21.20.32.jpeg
ekonomi-bursa,IHSG awal pekan berpotensi variatif seiring sentimen global-domestik,"Mon, 03 Aug 2026 09:42:28 +0700",,Indeks Harga Saham Gabungan (IHSG) Bursa Efek Indonesia (BEI) pada Senin berpotensi bergerak variatif dipicu oleh ...,https://www.antaranews.com/berita/5677104/ihsg-awal-pekan-berpotensi-variatif-seiring-sentimen-global-domestik,https://cdn.antaranews.com/cache/800x533/2025/12/12/ihsg-ditutup-menguat-2688871.jpg
ekonomi-bursa,Pemerintah RI targetkan stop impor garam per akhir 2027,"Sat, 01 Aug 2026 07:13:28 +0700",,Pemerintah Republik Indonesia (RI) menargetkan untuk menyetop impor garam per akhir 2027 sebagai bagian dari upaya ...,https://www.antaranews.com/berita/5675401/pemerintah-ri-targetkan-stop-impor-garam-per-akhir-2027,https://cdn.antaranews.com/cache/800x533/2026/08/01/CjkinzN000023_20260731_CBMFN0A001.jpg
ekonomi-bursa,IMIP raih penghargaan utama ESG IDX Channel 2026,"Sat, 01 Aug 2026 07:10:53 +0700",,Kawasan Industri Indonesia Morowali Industrial Park (IMIP) berhasil meraih Penghargaan Utama ESG untuk sektor ...,https://www.antaranews.com/berita/5675396/imip-raih-penghargaan-utama-esg-idx-channel-2026,https://cdn.antaranews.com/cache/800x533/2026/08/01/CjkinzN000028_20260731_CBMFN0A001.jpg
ekonomi-bursa,IHSG jelang akhir pekan ditutup menguat ikuti bursa kawasan Asia,"Fri, 31 Jul 2026 17:03:08 +0700",,"Indeks Harga Saham Gabungan (IHSG) Bursa Efek Indonesia (BEI) pada Jumat sore, ditutup naik mengikuti penguatan bursa ...",https://www.antaranews.com/berita/5674467/ihsg-jelang-akhir-pekan-ditutup-menguat-ikuti-bursa-kawasan-asia,https://cdn.antaranews.com/cache/800x533/2026/07/27/pergerakan-indeks-harga-saham-gabungan-2828639.jpg
ekonomi-bursa,Analis: Kinerja keuangan tentukan arah pergerakan saham pertambangan,"Fri, 31 Jul 2026 16:00:07 +0700",,"Senior Market Analyst Mirae Asset Sekuritas Indonesia, Nafan Aji Gusta menyampaikan bahwa kinerja laporan keuangan ...",https://www.antaranews.com/berita/5674312/analis-kinerja-keuangan-tentukan-arah-pergerakan-saham-pertambangan,https://cdn.antaranews.com/cache/800x533/2026/05/18/ihsg-ditutup-anjlok-pada-pekan-ketiga-mei-2026-2790781.jpg
ekonomi-bursa,"PLN UID Sulselrabar resmikan ""HSSE control center"" perkuat keselamatan","Fri, 31 Jul 2026 10:23:03 +0700",,"PT PLN Unit Induk Distribusi Sulawesi Selatan, Sulawesi Tenggara dan Sulawesi Barat (UID Sulselrabar) meresmikan ...",https://www.antaranews.com/berita/5673821/pln-uid-sulselrabar-resmikan-hsse-control-center-perkuat-keselamatan,https://cdn.antaranews.com/cache/800x533/2026/07/31/1002890680.jpg
ekonomi-bursa,IHSG menguat ikuti bursa kawasan Asia dan global,"Fri, 31 Jul 2026 09:38:38 +0700",,Indeks Harga Saham Gabungan (IHSG) Bursa Efek Indonesia (BEI) pada Jumat bergerak naik mengikuti penguatan bursa saham ...,https://www.antaranews.com/berita/5673777/ihsg-menguat-ikuti-bursa-kawasan-asia-dan-global,https://cdn.antaranews.com/cache/800x533/2026/07/27/pergerakan-indeks-harga-saham-gabungan-270726-dr-05.jpg
ekonomi-bursa,"IHSG Jumat dibuka menguat 33,26 poin ke posisi 6.219","Fri, 31 Jul 2026 09:12:28 +0700",,"Indeks Harga Saham Gabungan (IHSG) Bursa Efek Indonesia (BEI) pada Jumat pagi dibuka menguat 33,26 poin atau 0,54 ...",https://www.antaranews.com/berita/5673745/ihsg-jumat-dibuka-menguat-3326-poin-ke-posisi-6219,https://cdn.antaranews.com/cache/800x533/2026/07/27/pergerakan-indeks-harga-saham-gabungan-270726-dr-02.jpg
ekonomi-bursa,PU uji coba irigasi Pante Lhong Aceh untuk aliri 6.562 hektare sawah,"Thu, 30 Jul 2026 17:28:11 +0700",,"Menteri Pekerjaan Umum (PU) Dody Hanggodo melakukan uji coba irigasi Pante Lhong Kabupaten Bireuen, Aceh yang telah ...",https://www.antaranews.com/berita/5672783/pu-uji-coba-irigasi-pante-lhong-aceh-untuk-aliri-6562-hektare-sawah,https://cdn.antaranews.com/cache/800x533/2026/07/30/IMG-20260730-WA0014_1.jpg
ekonomi-bursa,IHSG ditutup menguat ditopang musim laporan keuangan emiten,"Thu, 30 Jul 2026 17:05:56 +0700",,Indeks Harga Saham Gabungan (IHSG) Bursa Efek Indonesia (BEI) pada Kamis sore ditutup menguat ditopang oleh musim ...,https://www.antaranews.com/berita/5672741/ihsg-ditutup-menguat-ditopang-musim-laporan-keuangan-emiten,https://cdn.antaranews.com/cache/800x533/2026/03/25/pembukaan-ihsg-usai-libur-lebaran-2760782.jpg
ekonomi-bursa,OJK tuntaskan pemeriksaan 17 kasus manipulasi di pasar modal,"Thu, 30 Jul 2026 16:26:08 +0700",,Otoritas Jasa Keuangan (OJK) mengungkapkan telah menyelesaikan pemeriksaan atas sebanyak 17 kasus terkait pelanggaran ...,https://www.antaranews.com/berita/5672663/ojk-tuntaskan-pemeriksaan-17-kasus-manipulasi-di-pasar-modal,https://cdn.antaranews.com/cache/800x533/2026/06/30/WhatsApp-Image-2026-06-30-at-18.00.00.jpeg
ekonomi-bursa,OJK ungkap 7 manajer investasi andil peluncuran ETF Emas di 10 Agustus,"Thu, 30 Jul 2026 14:07:07 +0700",,Otoritas Jasa Keuangan (OJK) mengungkapkan sebanyak lima sampai tujuh Manajer Investasi (MI) akan turut berpartisipasi ...,https://www.antaranews.com/berita/5672456/ojk-ungkap-7-manajer-investasi-andil-peluncuran-etf-emas-di-10-agustus,https://cdn.antaranews.com/cache/800x533/2026/04/06/IMG-20260406-WA0035_copy_1280x732.jpg
ekonomi-bursa,"United Tractors cetak pendapatan Rp58,3 triliun di semester I-2026","Thu, 30 Jul 2026 12:29:10 +0700",,Perusahaan grup PT Astra International Tbk (ASII) yaitu PT United Tractors Tbk (UNTR) membukukan pendapatan bersih ...,https://www.antaranews.com/berita/5672283/united-tractors-cetak-pendapatan-rp583-triliun-di-semester-i-2026,https://cdn.antaranews.com/cache/800x533/2026/04/16/1000566369_1.jpg
ekonomi-bursa,"IHSG menguat dipicu ""risk on"" pasar seiring The Fed tahan suku bunga","Thu, 30 Jul 2026 09:48:24 +0700",,Indeks Harga Saham Gabungan (IHSG) Bursa Efek Indonesia (BEI) pada Kamis bergerak menguat dipicu oleh sikap risk ...,https://www.antaranews.com/berita/5672087/ihsg-menguat-dipicu-risk-on-pasar-seiring-the-fed-tahan-suku-bunga,https://cdn.antaranews.com/cache/800x533/2026/07/27/pergerakan-indeks-harga-saham-gabungan-270726-dr-05.jpg
ekonomi-bursa,"IHSG Kamis dibuka menguat 18,89 poin ke posisi 6.110","Thu, 30 Jul 2026 09:04:15 +0700",,"Indeks Harga Saham Gabungan (IHSG) Bursa Efek Indonesia (BEI) pada Kamis pagi, dibuka menguat 18,89 poin atau 0,31 ...",https://www.antaranews.com/berita/5672037/ihsg-kamis-dibuka-menguat-1889-poin-ke-posisi-6110,https://cdn.antaranews.com/cache/800x533/2026/07/27/pergerakan-indeks-harga-saham-gabungan-270726-dr-01.jpg
ekonomi-bursa,OJK: Penghimpunan dana di pasar modal tetap positif hingga akhir 2026,"Wed, 29 Jul 2026 23:02:38 +0700",,Otoritas Jasa Keuangan (OJK) memandang prospek penghimpunan dana di pasar modal hingga akhir tahun 2026 tetap positif ...,https://www.antaranews.com/berita/5671813/ojk-penghimpunan-dana-di-pasar-modal-tetap-positif-hingga-akhir-2026,https://cdn.antaranews.com/cache/800x533/2026/06/30/WhatsApp-Image-2026-06-30-at-18.00.00.jpeg
ekonomi-bursa,OJK: Aliran dana asing dipengaruhi geopolitik dan suku bunga global,"Wed, 29 Jul 2026 21:19:21 +0700",,"Kepala Eksekutif Pengawas Pasar Modal, Keuangan Derivatif dan Bursa Karbon (PMDK) Otoritas Jasa Keuangan (OJK) Hasan ...",https://www.antaranews.com/berita/5671679/ojk-aliran-dana-asing-dipengaruhi-geopolitik-dan-suku-bunga-global,https://cdn.antaranews.com/cache/800x533/2026/07/03/WhatsApp-Image-2026-07-03-at-11.17.02.jpeg
ekonomi-bursa,OJK targetkan POJK demutualisasi BEI tuntas pekan kedua September 2026,"Wed, 29 Jul 2026 18:44:11 +0700",,Otoritas Jasa Keuangan (OJK) menargetkan Peraturan OJK (POJK) turunan Undang-Undang Nomor 4 Tahun 2026 (Revisi UU P2SK) ...,https://www.antaranews.com/berita/5671364/ojk-targetkan-pojk-demutualisasi-bei-tuntas-pekan-kedua-september-2026,https://cdn.antaranews.com/cache/800x533/2026/07/07/WhatsApp-Image-2026-07-07-at-16.42.53.jpeg
ekonomi-bursa,IHSG ditutup melemah terbebani sentimen global dan domestik,"Wed, 29 Jul 2026 16:47:51 +0700",,Indeks Harga Saham Gabungan (IHSG) Bursa Efek Indonesia (BEI) pada Rabu sore ditutup melemah terbebani oleh sentimen ...,https://www.antaranews.com/berita/5671131/ihsg-ditutup-melemah-terbebani-sentimen-global-dan-domestik,https://cdn.antaranews.com/cache/800x533/2026/07/27/pergerakan-indeks-harga-saham-gabungan-270726-dr-02.jpg
metro,"Cara membuat SIM A baru 2026: Syarat, biaya, dan panduan daftar online lengkap","Fri, 31 Jul 2026 08:10:01 +0700",,Surat Izin Mengemudi (SIM) A merupakan dokumen wajib yang harus dimiliki setiap pengendara mobil di Indonesia. Selain ...,https://www.antaranews.com/berita/5673700/cara-membuat-sim-a-baru-2026-syarat-biaya-dan-panduan-daftar-online-lengkap,https://cdn.antaranews.com/cache/800x533/2026/07/30/1000623631.jpg
metro,"Cara membuat SIM C baru 2026: Syarat, biaya, dan panduan daftar online","Fri, 31 Jul 2026 06:36:55 +0700",,Surat Izin Mengemudi (SIM) C merupakan dokumen wajib yang harus dimiliki setiap pengendara sepeda motor di Indonesia. ...,https://www.antaranews.com/berita/5673645/cara-membuat-sim-c-baru-2026-syarat-biaya-dan-panduan-daftar-online,https://cdn.antaranews.com/cache/800x533/2026/07/30/pelayanan-perpanjangan-sim-keliling-selama-24-jam-2830529.jpg
metro,"Cara perpanjang SIM online 2026: syarat, biaya, dan panduan lengkap lewat Digital Korlantas","Fri, 31 Jul 2026 06:28:28 +0700",,Perpanjangan Surat Izin Mengemudi (SIM) kini semakin praktis karena dapat dilakukan secara online tanpa harus datang ...,https://www.antaranews.com/berita/5673636/cara-perpanjang-sim-online-2026-syarat-biaya-dan-panduan-lengkap-lewat-digital-korlantas,https://cdn.antaranews.com/cache/800x533/2025/02/06/SIM.jpg
metro,Polisi buru bandar sabu pemasok dua pengedar di Jakarta Utara,"Wed, 29 Jul 2026 20:47:46 +0700",,"Polsek Kawasan Sunda Kelapa, Jakarta Utara, masih memburu seorang bandar narkotika jenis sabu berinisial PN yang ...",https://www.antaranews.com/berita/5671636/polisi-buru-bandar-sabu-pemasok-dua-pengedar-di-jakarta-utara,https://cdn.antaranews.com/cache/800x533/2026/07/29/WhatsApp-Image-2026-07-29-at-20.16.31_1.jpeg
metro,"Mengenal nitrous oxide, gas tertawa yang perlu diwaspadai","Wed, 04 Feb 2026 17:04:33 +0700",,"Saat ini, berbagai jenis gas atau senyawa kimia digunakan untuk menunjang beragam aktivitas manusia mulai dari bidang ...",https://www.antaranews.com/berita/5395662/mengenal-nitrous-oxide-gas-tertawa-yang-perlu-diwaspadai,https://cdn.antaranews.com/cache/800x533/2026/01/29/gas-tertawa.jpg
metro,"Edukasi dini, langkah awal melindungi anak dari pelecehan seksual","Sat, 31 Jan 2026 11:05:59 +0700",,"Pelecehan seksual dapat terjadi kepada siapa saja, tanpa memandang usia, latar belakang, maupun lingkungan.

Bahkan, ...",https://www.antaranews.com/berita/5387494/edukasi-dini-langkah-awal-melindungi-anak-dari-pelecehan-seksual,https://cdn.antaranews.com/cache/800x533/2025/12/30/1000728186.jpg
metro,Sejumlah pohon tumbang di Jakarta Barat imbas hujan deras,"Fri, 23 Jan 2026 00:00:10 +0700",,Sejumlah pohon tumbang di wilayah Jakarta Barat imbas angin kencang dan hujan deras yang mengguyur wilayah tersebut ...,https://www.antaranews.com/berita/5369606/sejumlah-pohon-tumbang-di-jakarta-barat-imbas-hujan-deras,https://cdn.antaranews.com/cache/800x533/2026/01/22/IMG_20260122_222227.v1.jpg
metro,Tips dan cara efektif membersihkan rumah pascabanjir,"Tue, 20 Jan 2026 17:37:57 +0700",,"Curah hujan tinggi kerap datang bersama dengan banjir, yang kemudian meninggalkan berbagai persoalan setelah air ...",https://www.antaranews.com/berita/5363002/tips-dan-cara-efektif-membersihkan-rumah-pascabanjir,https://cdn.antaranews.com/cache/800x533/2019/04/29/antarafoto-pasca-banjir-rawajati-290419-adm-9.jpg
metro,"Penyakit pascabanjir, ini opsi bahan alami untuk melawan diare","Mon, 19 Jan 2026 22:53:14 +0700",,Curah hujan yang tinggi beberapa pekan terakhir telah memicu terjadinya banjir di wilayah Jakarta dan ...,https://www.antaranews.com/berita/5361290/penyakit-pascabanjir-ini-opsi-bahan-alami-untuk-melawan-diare,https://cdn.antaranews.com/cache/800x533/2025/01/29/image0-24.v1.jpg
metro,"Pendaftaran Polri SIPSS 2026 dibuka, ini jadwal dan persyaratannya","Sat, 17 Jan 2026 17:56:10 +0700",,Polri RI kembali membuka peluang bagi para sarjana untuk bergabung sebagai perwira melalui seleksi Sekolah Inspektur ...,https://www.antaranews.com/berita/5357438/pendaftaran-polri-sipss-2026-dibuka-ini-jadwal-dan-persyaratannya,https://cdn.antaranews.com/cache/800x533/2025/02/18/IMG-20250218-WA0005.jpg
metro,Fasilitas pedestrian ramah disabilitas yang perlu diwujudkan,"Sat, 17 Jan 2026 00:40:37 +0700",,"Salah satu indikator ruang jalan yang ideal tercermin dari kemampuannya untuk memberikan akses yang nyaman, aman, dan ...",https://www.antaranews.com/berita/5356730/fasilitas-pedestrian-ramah-disabilitas-yang-perlu-diwujudkan,https://cdn.antaranews.com/cache/800x533/2024/01/29/InShot_20240129_073332500.jpg
metro,Panduan aman bersepeda di jalan raya,"Thu, 15 Jan 2026 12:16:17 +0700",,"Di kawasan perkotaan, bersepeda di jalan raya telah lama menjadi bagian dari rutinitas sehari-hari masyarakat baik ...",https://www.antaranews.com/berita/5353485/panduan-aman-bersepeda-di-jalan-raya,https://cdn.antaranews.com/cache/800x533/2024/02/23/InShot_20240223_115107576.jpg
metro,"Waspada child grooming, kenali tanda-tanda pelakunya sejak dini","Mon, 12 Jan 2026 18:26:49 +0700",,Kasus child grooming kembali menjadi sorotan dan viral di berbagai platform media sosial dalam beberapa waktu ...,https://www.antaranews.com/berita/5347237/waspada-child-grooming-kenali-tanda-tanda-pelakunya-sejak-dini,https://cdn.antaranews.com/cache/800x533/2025/06/16/1000358835.jpg
metro,"Penjelasan fenomena sinkhole, lubang raksasa yang tiba-tiba muncul di lahan warga","Sat, 10 Jan 2026 19:55:24 +0700",,Tim Ahli Badan Geologi Bandung dari Kementerian Energi dan Sumber Daya Mineral (ESDM) tengah menyelidiki kemunculan ...,https://www.antaranews.com/berita/5344217/penjelasan-fenomena-sinkhole-lubang-raksasa-yang-tiba-tiba-muncul-di-lahan-warga,https://cdn.antaranews.com/cache/800x533/2026/01/05/IMG-20260104-WA0033.jpg
metro,Tips aman ikut arisan online agar terhindar dari penipuan,"Thu, 08 Jan 2026 17:15:47 +0700",,"Di era digital, arisan tak lagi harus dilakukan dengan tatap muka. Kini, arisan online menjadi alternatif yang praktis ...",https://www.antaranews.com/berita/5339945/tips-aman-ikut-arisan-online-agar-terhindar-dari-penipuan,https://cdn.antaranews.com/cache/800x533/2022/07/06/IMG_20220706_164743.jpg
metro,"Kue dongkal, tumpeng manis dari Betawi","Thu, 08 Jan 2026 15:53:53 +0700",,"Indonesia dikenal sebagai negara dengan ragam kuliner tradisional yang sangat kaya.

Dari Sabang hingga Merauke, ...",https://www.antaranews.com/berita/5339629/kue-dongkal-tumpeng-manis-dari-betawi,https://cdn.antaranews.com/cache/800x533/2026/01/08/ChatGPT-Image-Jan-8-2026-03_52_51-PM.v1.jpg
metro,Manfaat tambah daya listrik PLN untuk kebutuhan dan aktivitas harian,"Thu, 08 Jan 2026 15:52:45 +0700",,PT Perusahaan Listrik Negara (Persero) atau PLN kembali memberikan bentuk apresiasi kepada para pelanggannya melalui ...,https://www.antaranews.com/berita/5339625/manfaat-tambah-daya-listrik-pln-untuk-kebutuhan-dan-aktivitas-harian,https://cdn.antaranews.com/cache/800x533/2025/10/29/1001263882.jpg
metro,"PLN diskon tambah daya 50 persen untuk Januari 2026, berlaku sampai kapan?","Thu, 08 Jan 2026 15:50:12 +0700",,"Memasuki awal tahun, PT PLN (Persero) kembali menghadirkan program menarik bagi masyarakat. Bertajuk “Gebyar Awal ...",https://www.antaranews.com/berita/5339613/pln-diskon-tambah-daya-50-persen-untuk-januari-2026-berlaku-sampai-kapan,https://cdn.antaranews.com/cache/800x533/2026/01/07/IMG-20260107-WA0046.jpg
metro,"Jangan mudah tertipu, ini ciri-ciri penipuan arisan online atau bodong","Thu, 08 Jan 2026 15:48:21 +0700",,"Seiring maraknya arisan online, kasus penipuan berkedok arisan bodong juga semakin sering terjadi. Banyak orang tergiur ...",https://www.antaranews.com/berita/5339597/jangan-mudah-tertipu-ini-ciri-ciri-penipuan-arisan-online-atau-bodong,https://cdn.antaranews.com/cache/800x533/2022/06/14/IMG_20220614_084142.jpg
metro,Destinasi wisata indoor yang cocok dikunjungi saat musim hujan,"Wed, 07 Jan 2026 22:51:20 +0700",,"Saat musim hujan tiba, banyak aktivitas yang biasanya dapat dilakukan dengan leluasa terasa menjadi lebih ...",https://www.antaranews.com/berita/5338389/destinasi-wisata-indoor-yang-cocok-dikunjungi-saat-musim-hujan,https://cdn.antaranews.com/cache/800x533/2025/12/25/Planetarium-Jakarta-kembali-beroperasi-setelah-13-tahun-nonaktif-251225-Bay-12.jpg
sepakbola,"Daftar pemain Indonesia All Stars vs Aston Villa, Ezra Walian jadi kapten","Fri, 31 Jul 2026 13:34:51 +0700",,Indonesia All Stars telah menyiapkan skuad untuk menghadapi klub Liga Inggris Aston Villa dalam laga pramusim di ...,https://www.antaranews.com/berita/5674073/daftar-pemain-indonesia-all-stars-vs-aston-villa-ezra-walian-jadi-kapten,https://cdn.antaranews.com/cache/800x533/2026/07/30/tim-sepak-bola-aston-villa-tiba-di-indonesia-2831035.jpg
sepakbola,"Kazuyoshi Miura cetak gol di usia 59 tahun, berikut kisah Sang ""King Kazu""","Wed, 29 Jul 2026 08:13:28 +0700",,"Usia hanyalah angka bagi Kazuyoshi Miura. Di usianya yang ke 59, ia masih membuktikan kemampuannya setelah mencetak gol ...",https://www.antaranews.com/berita/5670327/kazuyoshi-miura-cetak-gol-di-usia-59-tahun-berikut-kisah-sang-king-kazu,https://cdn.antaranews.com/cache/800x533/2021/12/22/2021-12-21T164847Z_1_LYNXMPEHBK0RK_RTROPTP_4_SOCCER-JAPAN-KING-KAZU.jpg
sepakbola,"Jadwal Timnas Indonesia vs Timor Leste di Piala AFF 2026, tayang jam berapa dan di mana?","Wed, 29 Jul 2026 07:34:02 +0700",,Timnas Indonesia akan melanjutkan perjuangannya di Grup A Piala AFF 2026 dengan menghadapi Timor Leste pada ...,https://www.antaranews.com/berita/5670304/jadwal-timnas-indonesia-vs-timor-leste-di-piala-aff-2026-tayang-jam-berapa-dan-di-mana,https://cdn.antaranews.com/cache/800x533/2026/07/28/timnas-indonesia-kalahkan-kamboja-2829197.jpg
sepakbola,"Profil Mitchell Lee Baker, striker naturalisasi Timnas Indonesia yang cetak hattrick di debut","Wed, 29 Jul 2026 07:28:58 +0700",,Mitchell Lee Baker tak butuh waktu lama untuk mencuri perhatian publik sepak bola Indonesia. Penyerang muda berusia 19 ...,https://www.antaranews.com/berita/5670297/profil-mitchell-lee-baker-striker-naturalisasi-timnas-indonesia-yang-cetak-hattrick-di-debut,https://cdn.antaranews.com/cache/800x533/2026/07/28/Piala-AFF-Indonesia-Lawan-Kamboja-270726-bay-7.jpg
sepakbola,"9 rekor Piala AFF yang masih bertahan hingga kini, Indonesia masuk daftar","Tue, 28 Jul 2026 06:50:07 +0700",,"Kejuaraan sepak bola antarnegara Asia Tenggara, ASEAN Hyundai Cup 2026 atau Piala AFF 2026, kembali menjadi panggung ...",https://www.antaranews.com/berita/5668612/9-rekor-piala-aff-yang-masih-bertahan-hingga-kini-indonesia-masuk-daftar,https://cdn.antaranews.com/cache/800x533/2026/07/28/timnas-indonesia-kalahkan-kamboja-2829197.jpg
sepakbola,Mengapa pemain bola memakai sport bra? Ini penjelasannya,"Mon, 20 Jul 2026 18:31:11 +0700",,Banyak pemain sepak bola terlihat mengenakan pakaian menyerupai sport bra di balik jersey mereka saat latihan maupun ...,https://www.antaranews.com/berita/5657469/mengapa-pemain-bola-memakai-sport-bra-ini-penjelasannya,https://cdn.antaranews.com/cache/800x533/2026/07/19/XxjpbeE000006_20260719_PEPFN0A001A.jpg
sepakbola,Segini total hadiah uang yang akan diterima juara Piala Dunia 2026,"Fri, 17 Jul 2026 08:08:16 +0700",,"Piala Dunia 2026 bukan hanya menjadi turnamen terbesar dalam sejarah sepak bola, tetapi juga menjadi edisi dengan total ...",https://www.antaranews.com/berita/5653276/segini-total-hadiah-uang-yang-akan-diterima-juara-piala-dunia-2026,https://cdn.antaranews.com/cache/800x533/2026/07/17/piala-dunia2.jpg
sepakbola,Pelatih Roma sebut kebobolan dari sepak pojok jadi pukulan telak,"Wed, 14 Jan 2026 18:18:47 +0700",,Pelatih AS Roma Gian Piero Gasperini menyebutkan jika kebobolan melalui skema sepak pojok saat kalah 2-3 dari Torino ...,https://www.antaranews.com/berita/5352073/pelatih-roma-sebut-kebobolan-dari-sepak-pojok-jadi-pukulan-telak,https://cdn.antaranews.com/cache/800x533/2026/01/14/20260114_175649.jpg
sepakbola,"Profil dan jejak karier Joao Cancelo, sosok bek baru Barcelona","Tue, 13 Jan 2026 23:22:57 +0700",,"Setelah menerima tawaran pemain status pinjaman dari Barcelona, bek sayap Al Hilal ini dinyatakan lulus tes medis pada ...",https://www.antaranews.com/berita/5350381/profil-dan-jejak-karier-joao-cancelo-sosok-bek-baru-barcelona,https://cdn.antaranews.com/cache/800x533/2024/07/01/images-2-1_1.jpg
sepakbola,Asisten pelatih Chelsea ungkap alasan tarik keluar Palmer,"Wed, 31 Dec 2025 20:04:16 +0700",,Asisten pelatih Chelsea Willy Caballero mengungkap alasan dirinya menarik keluar Cole Palmer karena pemain itu baru ...,https://www.antaranews.com/berita/5328886/asisten-pelatih-chelsea-ungkap-alasan-tarik-keluar-palmer,https://cdn.antaranews.com/cache/800x533/2025/12/28/XxjpbeE000087_20251228_PEPFN0A001.jpg
sepakbola,"Kalahkan Aston Villa, pelatih Arsenal puji tiga pemain yang baru pulih","Wed, 31 Dec 2025 15:58:07 +0700",,"Pelatih Arsenal Mikel Arteta memuji tiga pemainnya yang baru pulih dari cedera yaitu Gabriel Magalhaes, Gabriel Jesus ...",https://www.antaranews.com/berita/5328445/kalahkan-aston-villa-pelatih-arsenal-puji-tiga-pemain-yang-baru-pulih,https://cdn.antaranews.com/cache/800x533/2025/12/31/Arsenal.jpg
sepakbola,Kompany bangga skuad mayoritas muda Bayern menang atas Heidenheim,"Mon, 22 Dec 2025 12:52:34 +0700",,Pelatih Bayern Muenchen Vincent Kompany menyebut jika dirinya bangga bisa menang 4-0 atas Heidenheim dalam lanjutan ...,https://www.antaranews.com/berita/5316619/kompany-bangga-skuad-mayoritas-muda-bayern-menang-atas-heidenheim,https://cdn.antaranews.com/cache/800x533/2025/12/22/IMG_20251222_124122.jpg
sepakbola,Dalot: Ditariknya kapten Bruno Fernandes kesempatan baik bagi pemain lain,"Mon, 22 Dec 2025 12:43:25 +0700",,"Bek sayap Manchester United Diogo Dalot mengatakan, ditariknya sang kapten Bruno Fernandes karena cedera saat ...",https://www.antaranews.com/berita/5316604/dalot-ditariknya-kapten-bruno-fernandes-kesempatan-baik-bagi-pemain-lain,https://cdn.antaranews.com/cache/800x533/2025/12/22/IMG_20251222_111537.jpg
sepakbola,"Cetak dua gol lawan United, Emery puji performa Morgan Rogers","Mon, 22 Dec 2025 12:33:37 +0700",,Pelatih Aston Villa Unai Emery memuji performa pemain penyerang Morgan Rogers usai berhasil mencetak dua gol dalam ...,https://www.antaranews.com/berita/5316592/cetak-dua-gol-lawan-united-emery-puji-performa-morgan-rogers,https://cdn.antaranews.com/cache/800x533/2025/12/22/IMG_20251222_115613.jpg
sepakbola,Kovac targetkan Dortmund tutup tahun dengan menang lawan Gladbach,"Fri, 19 Dec 2025 18:08:37 +0700",,Pelatih Borussia Dortmund Niko Kovac menargetkan timnya untuk menutup tahun 2025 dengan kemenangan jelang laga lawan ...,https://www.antaranews.com/berita/5313397/kovac-targetkan-dortmund-tutup-tahun-dengan-menang-lawan-gladbach,https://cdn.antaranews.com/cache/800x533/2025/12/19/IMG_20251219_153947.jpg
sepakbola,"Profil Santiago Montiel, pemenang Puskas Award 2025","Fri, 19 Dec 2025 06:35:44 +0700",,Nama Santiago Montiel menjadi sorotan dunia sepak bola setelah resmi dinobatkan sebagai pemenang FIFA Puskas Award ...,https://www.antaranews.com/berita/5312443/profil-santiago-montiel-pemenang-puskas-award-2025,https://cdn.antaranews.com/cache/800x533/2025/12/19/santiago-montiel.jpg
sepakbola,Cara mudah voting Rizky Ridho untuk FIFA Puskas Award 2025,"Sun, 16 Nov 2025 18:07:15 +0700",,"Sepak bola Indonesia kembali mencetak sejarah. Bek Persija Jakarta dan Timnas Indonesia, Rizky Ridho secara resmi masuk ...",https://www.antaranews.com/berita/5245469/cara-mudah-voting-rizky-ridho-untuk-fifa-puskas-award-2025,https://cdn.antaranews.com/cache/800x533/2025/10/13/Kalah01.jpg
sepakbola,Ini makna lambang bunga merah “Poppy” di jersey klub liga Inggris,"Sun, 02 Nov 2025 09:06:05 +0700",,"Setiap memasuki bulan November, ada pemandangan khas yang selalu muncul di lapangan sepak bola Inggris.

Hampir ...",https://www.antaranews.com/berita/5214305/ini-makna-lambang-bunga-merah-poppy-di-jersey-klub-liga-inggris,https://cdn.antaranews.com/cache/800x533/2025/11/02/2025-11-01T000000Z_673545814_MT1NURPHO000OM4DHN_RTRMADP_3_SOCCER-ENGLAND-NTG-MUN-REPORT.jpg
sepakbola,Jadwal pekan ke-10 BRI Super League 2025-26 (22-27 Oktober 2025),"Tue, 21 Oct 2025 19:00:54 +0700",,"Memasuki pekan ke­-10, liga sepak bola Indonesia BRI Super League musim 2025-26 merilis rangkaian pertandingan yang ...",https://www.antaranews.com/berita/5189281/jadwal-pekan-ke-10-bri-super-league-2025-26-22-27-oktober-2025,https://cdn.antaranews.com/cache/800x533/2025/10/20/persis-solo-dikalahkan-malut-united-2649701.jpg
sepakbola,"Profil Mathew Baker, bek Timnas U-17 yang gabung Melbourne City","Thu, 02 Oct 2025 19:54:39 +0700",,"Bek Tim Nasional U-17 Indonesia, Mathew Baker, resmi menandatangani kontrak profesional pertamanya bersama klub ...",https://www.antaranews.com/berita/5149753/profil-mathew-baker-bek-timnas-u-17-yang-gabung-melbourne-city,https://cdn.antaranews.com/cache/800x533/2025/01/15/Latihan-Timnas-U-20-jelang-Piala-Asia-150125-fzn-5.jpg
olahraga,Harga tiket dan jadwal pertandingan AFC Futsal Asia Cup Indonesia 2026,"Tue, 13 Jan 2026 23:18:56 +0700",,"Sebagai tuan rumah resmi AFC Futsal Asian Cup 2026, Indonesia akan menyambut tim-tim terbaik se-Asia dalam turnamen ...",https://www.antaranews.com/berita/5350369/harga-tiket-dan-jadwal-pertandingan-afc-futsal-asia-cup-indonesia-2026,https://cdn.antaranews.com/cache/800x533/2026/01/05/Latihan-Timnas-Futsal-Indonesia-050126-Ada-1.jpg
olahraga,"Profil Basral Graito Hutomo, peraih emas skateboard SEA Games 2025","Tue, 23 Dec 2025 20:22:25 +0700",,Nama Basral Graito Hutomo tengah menyita perhatian publik setelah sukses mempersembahkan medali emas bagi Indonesia ...,https://www.antaranews.com/berita/5319445/profil-basral-graito-hutomo-peraih-emas-skateboard-sea-games-2025,https://cdn.antaranews.com/cache/800x533/2025/12/15/WhatsApp-Image-2025-12-15-at-1.45.15-AM.jpeg
olahraga,SEA Games: mempererat tali persaudaraan lewat olahraga,"Tue, 16 Dec 2025 13:59:32 +0700",,Southeast Asian Games (SEA Games) ke-33 mulai diselenggarakan pada 9 hingga 20 Desember dengan Thailand sebagai tuan ...,https://www.antaranews.com/berita/5307148/sea-games-mempererat-tali-persaudaraan-lewat-olahraga,https://cdn.antaranews.com/cache/800x533/2025/12/16/tim-dayung-quadruple-sculls-putra-indonesia-raih-medali-emas-2691082.jpg
olahraga,Mengenal olahraga Sepak Takraw: Aturan dan cara bermainnya,"Fri, 12 Dec 2025 07:13:19 +0700",,"Pernahkah melihat pertandingan yang memadukan kelincahan voli dengan teknik tendangan akrobatik ala sepak bola, namun ...",https://www.antaranews.com/berita/5300677/mengenal-olahraga-sepak-takraw-aturan-dan-cara-bermainnya,https://cdn.antaranews.com/cache/800x533/2025/06/27/1000945174_1.jpg
olahraga,Simak tata cara dan aturan bermain olahraga Petanque,"Fri, 12 Dec 2025 07:11:08 +0700",,"Petanque merupakan olahraga asal Prancis yang terlihat santai, karena hanya perlu melempar bola di lapangan pasir atau ...",https://www.antaranews.com/berita/5300674/simak-tata-cara-dan-aturan-bermain-olahraga-petanque,https://cdn.antaranews.com/cache/800x533/2023/05/22/pentaque.jpg
olahraga,"Muay Thai vs Boxing: Perbedaan teknik, aturan, dan filosofinya","Fri, 12 Dec 2025 07:08:22 +0700",,Muay Thai merupakan olahraga bela diri yang berasal dari Thailand. Popularitasnya meluas ke berbagai negara dan masuk ...,https://www.antaranews.com/berita/5300671/muay-thai-vs-boxing-perbedaan-teknik-aturan-dan-filosofinya,https://cdn.antaranews.com/cache/800x533/2024/08/19/antarafoto-muaythai-banten-target-empat-emas-pon-xxi-190824-bk-4.jpg
olahraga,"Mengenal ""flying disc"" atau cabor piring terbang di SEA Games 2025","Thu, 11 Dec 2025 14:52:52 +0700",,Olahraga piring terbang (flying disc) mencatat sejarah baru dengan tampil sebagai cabang olahraga demonstrasi di SEA ...,https://www.antaranews.com/berita/5299324/mengenal-flying-disc-atau-cabor-piring-terbang-di-sea-games-2025,https://cdn.antaranews.com/cache/800x533/2025/12/11/peraih-medali-emas-pertama-indonesa-di-sea-games-2025-2687812.jpg
olahraga,"Siapa saja juara dunia F1? Ini daftarnya, hingga terbaru Lando Norris","Tue, 09 Dec 2025 10:19:57 +0700",,"Sejak pertama kali digelar, kejuaraan dunia Formula 1 selalu menjadi panggung bergengsi bagi para pembalap terbaik ...",https://www.antaranews.com/berita/5294596/siapa-saja-juara-dunia-f1-ini-daftarnya-hingga-terbaru-lando-norris,https://cdn.antaranews.com/cache/800x533/2025/12/08/2250538561.jpg
olahraga,"Indomaret Run 2025: Jadwal, pendaftaran, kategori, rute, dan hadiahnya","Mon, 06 Oct 2025 05:50:52 +0700",,"Indomaret kembali menghadirkan ajang olahraga lari berskala besar melalui ""Indomaret Run 2025"" yang akan ...",https://www.antaranews.com/berita/5155261/indomaret-run-2025-jadwal-pendaftaran-kategori-rute-dan-hadiahnya,https://cdn.antaranews.com/cache/800x533/2025/10/06/indomaret-run.jpg
olahraga,Berapa kali Marc Marquez jadi juara dunia MotoGP? Ini prestasinya,"Tue, 30 Sep 2025 10:43:11 +0700",,"Seorang pembalap Grand Prix Sepeda Motor profesional asal Spanyol, Mark Marquez berhasil meraih kembali kursi takhta ...",https://www.antaranews.com/berita/5142933/berapa-kali-marc-marquez-jadi-juara-dunia-motogp-ini-prestasinya,https://cdn.antaranews.com/cache/800x533/2025/09/29/Marck.jpg
olahraga,Presiden FIFA sampaikan selamat untuk Erick Thohir jadi Menpora,"Fri, 19 Sep 2025 15:49:13 +0700",,Presiden Prabowo Subianto resmi melantik Erick Thohir sebagai Menteri Pemuda dan Olahraga (Menpora) di Istana ...,https://www.antaranews.com/berita/5120589/presiden-fifa-sampaikan-selamat-untuk-erick-thohir-jadi-menpora,https://cdn.antaranews.com/cache/800x533/2025/09/18/IMG_20250918_162314.jpg
olahraga,"Petinju Ricky Hatton tutup usia, ini profil dan perjalanan karirnya","Tue, 16 Sep 2025 07:46:42 +0700",,"Kabar duka datang dari dunia olahraga, khususnya tinju. Ricky Hatton, mantan juara dunia yang dijuluki “The ...",https://www.antaranews.com/berita/5111357/petinju-ricky-hatton-tutup-usia-ini-profil-dan-perjalanan-karirnya,https://cdn.antaranews.com/cache/800x533/2025/09/16/ricky-hatton.jpg
olahraga,Harga & cara beli tiket pertandingan Futsal Four Nations Cup 2025,"Sun, 14 Sep 2025 16:37:22 +0700",,"Timnas Futsal Indonesia akan menghadapi tantangan dari tiga negara, yakni Belanda, Latvia, dan Tanzania pada ajang ...",https://www.antaranews.com/berita/5108141/harga-cara-beli-tiket-pertandingan-futsal-four-nations-cup-2025,https://cdn.antaranews.com/cache/800x533/2025/09/05/IMG_9476-1.jpg
olahraga,Jadwal timnas futsal Indonesia di ajang Four Nations Cup 2025,"Thu, 11 Sep 2025 16:48:02 +0700",,"Timnas Futsal Indonesia akan menghadapi tantangan dari tiga negara yakni Belanda, Latvia, dan Tanzania pada turnamen ...",https://www.antaranews.com/berita/5102185/jadwal-timnas-futsal-indonesia-di-ajang-four-nationscup2025,https://cdn.antaranews.com/cache/800x533/2025/09/03/IMG_20250903_160136.jpg
olahraga,"Profil Puteri Komarudin, sosok yang diisukan bakal jadi menpora baru","Tue, 09 Sep 2025 16:16:57 +0700",,"Presiden Prabowo Subianto resmi melakukan reshuffle Kabinet Merah Putih, mengganti sejumlah menteri di lima ...",https://www.antaranews.com/berita/5096545/profil-puteri-komarudin-sosok-yang-diisukan-bakal-jadi-menpora-baru,https://cdn.antaranews.com/cache/800x533/2024/05/07/7073F8D8-F691-40FF-80D8-B8D3CE094A92.jpeg
olahraga,Hari Olahraga Nasional 2025: membangkitkan semangat persatuan,"Tue, 09 Sep 2025 09:44:33 +0700",,"Olahraga bukan sekadar aktivitas fisik semata. Setiap tetes keringat mencerminkan semangat, disiplin, dan kerja keras ...",https://www.antaranews.com/berita/5095525/hari-olahraga-nasional-2025-membangkitkan-semangat-persatuan,https://cdn.antaranews.com/cache/800x533/2025/09/08/dito-haornas_1.jpg
olahraga,"John Wall resmi pensiun dari NBA, berikut perjalanan karirnya","Wed, 20 Aug 2025 19:51:53 +0700",,Pebasket Amerika Serikat John Wall resmi mengumumkan pensiun dari NBA setelah 11 musim berkarier. Point guard berusia ...,https://www.antaranews.com/berita/5052033/john-wall-resmi-pensiun-dari-nba-berikut-perjalanan-karirnya,https://cdn.antaranews.com/cache/800x533/2025/08/20/John-Wall.jpg
olahraga,Mengenal dislokasi bahu usai duel tinju El Rumi vs Jefri Nichol,"Tue, 12 Aug 2025 17:44:43 +0700",,"Pertandingan tinju antara El Rumi dan Jefri Nichol pada, Sabtu (9/8) di Jakarta International Convention Center (JICC) ...",https://www.antaranews.com/berita/5032449/mengenal-dislokasi-bahu-usai-duel-tinju-el-rumi-vs-jefri-nichol,https://cdn.antaranews.com/cache/800x533/2025/08/08/1000114989.jpg
olahraga,Polda Papua apresiasi Bripda Dita raih emas di Piala Kapolri,"Sat, 26 Jul 2025 16:51:10 +0700",,Polda Papua mengapresiasi keberhasilan Bripda Dita Aulia Permata Putri atas keberhasilan meraih medali emas kelas ...,https://www.antaranews.com/berita/4994149/polda-papua-apresiasi-bripda-dita-raih-emas-di-piala-kapolri,https://cdn.antaranews.com/cache/800x533/2025/07/26/1001050175.jpg
olahraga,Hulk Hogan wafat di usia 71 tahun: Profil dan warisan legendaris WWE,"Fri, 25 Jul 2025 18:44:26 +0700",,"Legenda dunia gulat profesional, Hulk Hogan, dilaporkan meninggal dunia di usia 71 tahun, pada Kamis pagi (24/7) akibat ...",https://www.antaranews.com/berita/4992369/hulk-hogan-wafat-di-usia-71-tahun-profil-dan-warisan-legendaris-wwe,https://cdn.antaranews.com/cache/800x533/2025/07/25/hulk_1.jpg
humaniora,Cara mencairkan bansos PKH dan BPNT Agustus 2026 lewat bank dan kantor pos,"Sun, 02 Aug 2026 10:51:29 +0700",,Penyaluran bantuan sosial Program Keluarga Harapan (PKH) dan Bantuan Pangan Non Tunai (BPNT) periode Agustus 2026 ...,https://www.antaranews.com/berita/5676407/cara-mencairkan-bansos-pkh-dan-bpnt-agustus-2026-lewat-bank-dan-kantor-pos,https://cdn.antaranews.com/cache/800x533/2026/03/27/IMG_20260327_142333.jpg
humaniora,NIK tidak ditemukan saat cek bansos? Ini 6 penyebab dan cara mengatasinya,"Sun, 02 Aug 2026 10:43:03 +0700",,"Sebagian masyarakat masih mengalami kendala saat mengecek status penerima bantuan sosial (bansos), salah satunya muncul ...",https://www.antaranews.com/berita/5676401/nik-tidak-ditemukan-saat-cek-bansos-ini-6-penyebab-dan-cara-mengatasinya,https://cdn.antaranews.com/cache/800x533/2026/06/07/bansos-ngawi-1.jpeg
humaniora,"Hukum mengedarkan kotak amal saat khutbah Jumat, makruh atau boleh?","Sat, 01 Aug 2026 14:48:54 +0700",,Mengedarkan kotak amal ketika khutbah Jumat berlangsung menjadi kebiasaan yang masih ditemukan di sejumlah masjid. ...,https://www.antaranews.com/berita/5675680/hukum-mengedarkan-kotak-amal-saat-khutbah-jumat-makruh-atau-boleh,https://cdn.antaranews.com/cache/800x533/2026/02/20/shalat-jumat-pertama-ramadhan-di-masjid-kuno-indrapuri-aceh-2734630.jpg
humaniora,"Jadwal puasa sunnah Agustus 2026 lengkap: Senin Kamis, Ayyamul Bidh, Daud, dan niat","Fri, 31 Jul 2026 06:18:47 +0700",,"Umat Islam dapat menunaikan sejumlah puasa sunnah pada Agustus 2026, mulai dari puasa Senin Kamis hingga Ayyamul Bidh ...",https://ramadhan.antaranews.com/berita/5673632/jadwal-puasa-sunnah-agustus-2026-lengkap-senin-kamis-ayyamul-bidh-daud-dan-niat,https://cdn.antaranews.com/cache/800x533/2026/02/21/232332.jpg
humaniora,"Cara ubah desil DTSEN di aplikasi Cek Bansos 2026, simak syarat dan langkah-langkahnya","Wed, 29 Jul 2026 07:15:33 +0700",,Masyarakat yang merasa data tingkat kesejahteraannya tidak sesuai dalam Data Tunggal Sosial Ekonomi Nasional (DTSEN) ...,https://www.antaranews.com/berita/5670292/cara-ubah-desil-dtsen-di-aplikasi-cek-bansos-2026-simak-syarat-dan-langkah-langkahnya,https://cdn.antaranews.com/cache/800x533/2026/07/14/IMG_8481.jpg
humaniora,"Daftar bansos yang masih cair tahun ini, lengkap dengan syaratnya","Wed, 29 Jul 2026 07:11:38 +0700",,Pemerintah masih melanjutkan penyaluran sejumlah program bantuan sosial (bansos) sepanjang 2026 untuk membantu ...,https://www.antaranews.com/berita/5670288/daftar-bansos-yang-masih-cair-tahun-ini-lengkap-dengan-syaratnya,https://cdn.antaranews.com/cache/800x533/2026/07/13/IMG-20260713-WA0009.jpg
humaniora,"Cara cek NISN online dengan nama, mudah dan cepat tanpa ke sekolah","Tue, 28 Jul 2026 07:11:22 +0700",,Nomor Induk Siswa Nasional (NISN) merupakan identitas resmi yang dimiliki setiap peserta didik di Indonesia. Nomor ini ...,https://www.antaranews.com/berita/5668635/cara-cek-nisn-online-dengan-nama-mudah-dan-cepat-tanpa-ke-sekolah,https://cdn.antaranews.com/cache/800x533/2025/06/11/nisn-website.jpg
humaniora,"Cara cek BPJS kesehatan aktif atau tidak lewat WhatsApp, mudah tanpa aplikasi","Tue, 28 Jul 2026 06:23:21 +0700",,Peserta Jaminan Kesehatan Nasional (JKN) perlu memastikan status kepesertaan BPJS Kesehatan selalu aktif agar dapat ...,https://www.antaranews.com/berita/5668596/cara-cek-bpjs-kesehatan-aktif-atau-tidak-lewat-whatsapp-mudah-tanpa-aplikasi,https://cdn.antaranews.com/cache/800x533/2026/07/27/WhatsApp-Image-2026-07-27-at-15.12.29.jpeg
humaniora,"Bansos anak balita PKH 2026: Syarat penerima, besaran bantuan, dan cara cek","Tue, 28 Jul 2026 06:11:30 +0700",,Pemerintah kembali menyalurkan bantuan sosial bagi keluarga yang memiliki anak usia dini melalui Program Keluarga ...,https://www.antaranews.com/berita/5668585/bansos-anak-balita-pkh-2026-syarat-penerima-besaran-bantuan-dan-cara-cek,https://cdn.antaranews.com/cache/800x533/2026/07/06/bltd-kota.jpg
humaniora,"Cara daftar Bansos Online lewat portal Perlinsos, syarat & langkah-langkahnya","Tue, 28 Jul 2026 06:06:00 +0700",,Pemerintah menghadirkan Portal Perlindungan Sosial (Perlinsos) untuk memudahkan masyarakat mengajukan bantuan sosial ...,https://www.antaranews.com/berita/5668579/cara-daftar-bansos-online-lewat-portal-perlinsos-syarat-langkah-langkahnya,https://cdn.antaranews.com/cache/800x533/2026/07/22/uji-coba-perlinsos-digital-di-makassar-2825760.jpg
humaniora,Perbedaan latar merah dan biru pada foto KTP,"Sat, 25 Jul 2026 20:01:22 +0700",,Warna latar belakang foto pada Kartu Tanda Penduduk elektronik (KTP-el) tidak dibuat secara sembarangan. Perbedaan ...,https://www.antaranews.com/berita/5665967/perbedaan-latar-merah-dan-biru-pada-foto-ktp,https://cdn.antaranews.com/cache/800x533/2026/07/08/Layanan-pergantian-foto-di-kartu-identitas-kependudukan-080726-Irp-6.jpg
humaniora,Bolehkah memberikan zakat kepada orang tua? Ini hukum dan penjelasan,"Sat, 25 Jul 2026 12:24:29 +0700",,Pertanyaan mengenai boleh atau tidaknya memberikan zakat kepada orang tua kerap muncul di tengah masyarakat. Dalam ...,https://www.antaranews.com/berita/5665507/bolehkah-memberikan-zakat-kepada-orang-tua-ini-hukum-dan-penjelasan,https://cdn.antaranews.com/cache/800x533/2025/11/11/realisasi-zakat-di-provinsi-aceh-2665533.jpg
humaniora,15 negara dengan angka harapan hidup tertinggi dunia pada 2026,"Fri, 24 Jul 2026 14:22:41 +0700",,Sejumlah negara mencatat angka harapan hidup tertinggi di dunia dengan rata-rata usia penduduk mencapai lebih dari 80 ...,https://www.antaranews.com/berita/5664084/15-negara-dengan-angka-harapan-hidup-tertinggi-dunia-pada-2026,https://cdn.antaranews.com/cache/800x533/2026/07/13/IMPRESSION_10JUN2026_ANCHOR_DAY.jpeg
humaniora,Bolehkah shalat sunnah saat khutbah Jumat berlangsung?,"Fri, 24 Jul 2026 14:12:56 +0700",,"Hukum melaksanakan shalat sunnah saat khutbah Jumat berlangsung kerap menjadi pertanyaan di kalangan umat Islam, ...",https://www.antaranews.com/berita/5664063/bolehkah-shalat-sunnah-saat-khutbah-jumat-berlangsung,https://cdn.antaranews.com/cache/800x533/2013/07/2013071260.jpg
humaniora,Apakah main HP saat khutbah Jumat membatalkan shalat? Ini Hukumnya,"Fri, 24 Jul 2026 14:09:44 +0700",,Penggunaan telepon seluler atau handphone (HP) saat khutbah Jumat kerap menjadi pertanyaan di kalangan umat Islam. ...,https://www.antaranews.com/berita/5664057/apakah-main-hp-saat-khutbah-jumat-membatalkan-shalat-ini-hukumnya,https://cdn.antaranews.com/cache/800x533/2025/04/18/IMG_20250418_125823.jpg
humaniora,Cara cek desil bansos lewat HP di cekbansos.kemensos.go.id,"Fri, 24 Jul 2026 10:58:51 +0700",,Masyarakat dapat mengecek status desil dan kepesertaan bantuan sosial (bansos) secara mandiri melalui layanan resmi ...,https://www.antaranews.com/berita/5663803/cara-cek-desil-bansos-lewat-hp-di-cekbansoskemensosgoid,https://cdn.antaranews.com/cache/800x533/2026/07/14/IMG_8481.jpg
humaniora,Cara cek penerima Bansos PKH dan BPNT Juli 2026,"Fri, 24 Jul 2026 10:55:50 +0700",,Pemerintah mulai menyalurkan bantuan sosial Program Keluarga Harapan (PKH) dan Bantuan Pangan Non Tunai (BPNT) pada ...,https://www.antaranews.com/berita/5663797/cara-cek-penerima-bansos-pkh-dan-bpnt-juli-2026,https://cdn.antaranews.com/cache/800x533/2026/07/13/IMG-20260713-WA0009.jpg
humaniora,"Syarat daftar STIS 2026 lengkap, simak jalur penerimaan, tahapan seleksi, dan cara daftarnya","Fri, 24 Jul 2026 10:51:34 +0700",,Politeknik Statistika STIS (Polstat STIS) kembali menjadi salah satu sekolah kedinasan yang banyak diminati calon ...,https://www.antaranews.com/berita/5663791/syarat-daftar-stis-2026-lengkap-simak-jalur-penerimaan-tahapan-seleksi-dan-cara-daftarnya,https://cdn.antaranews.com/cache/800x533/2026/01/15/7b86e21e-c545-4072-bd75-abeb962b902d.jpg
humaniora,Jejak sejarah peringatan Hari Anak Nasional di Indonesia,"Thu, 23 Jul 2026 14:59:48 +0700",,Hari Anak Nasional (HAN) yang diperingati setiap 23 Juli merupakan salah satu momentum penting dalam upaya meningkatkan ...,https://www.antaranews.com/berita/5662443/jejak-sejarah-peringatan-hari-anak-nasional-di-indonesia,https://cdn.antaranews.com/cache/800x533/2024/12/13/IMG-20241213-WA0030_1300-t-900.jpg
lifestyle,Sudah ngantuk tapi sulit tidur pulas? Ini penyebab dan cara atasinya,"Mon, 03 Aug 2026 11:28:54 +0700",,"Rasa kantuk yang muncul di malam hari seharusnya menjadi pertanda bahwa tubuh siap beristirahat. Namun, tidak sedikit ...",https://www.antaranews.com/berita/5677203/sudah-ngantuk-tapi-sulit-tidur-pulas-ini-penyebab-dan-cara-atasinya,https://cdn.antaranews.com/cache/800x533/2026/04/17/Nafas.jpeg
lifestyle,"Cara cepat tidur dalam 5 menit, efektif untuk yang sulit pulas","Mon, 03 Aug 2026 11:25:40 +0700",,Sulit tidur meski badan sudah terasa lelah merupakan masalah yang kerap dialami banyak orang. Kondisi ini sering ...,https://www.antaranews.com/berita/5677199/cara-cepat-tidur-dalam-5-menit-efektif-untuk-yang-sulit-pulas,https://cdn.antaranews.com/cache/800x533/2025/11/04/tidua.jpg
lifestyle,Waspada! Ini ciri-ciri kalau mata Anda mulai minus,"Sun, 02 Aug 2026 23:27:26 +0700",,Miopi atau mata minus adalah gangguan refraksi yang menyebabkan seseorang kesulitan melihat benda yang berada di ...,https://www.antaranews.com/berita/5676920/waspada-ini-ciri-ciri-kalau-mata-anda-mulai-minus,https://cdn.antaranews.com/cache/800x533/2024/03/27/antarafoto-safari-kesehatan-2024-270324-nhw-4.jpg
lifestyle,Kenali ciri-ciri kecanduan PMO dan bagaimana cara mengatasinya,"Sun, 02 Aug 2026 23:24:09 +0700",,"Kecanduan PMO atau Pornography, Masturbation, Orgasm menjadi salah satu topik yang semakin banyak diperbincangkan, ...",https://www.antaranews.com/berita/5676919/kenali-ciri-ciri-kecanduan-pmo-dan-bagaimana-cara-mengatasinya,https://cdn.antaranews.com/cache/800x533/2026/06/02/ilustrasi-konten-berbau-pornografi.jpg
lifestyle,Suka mual saat olahraga? Ini penyebab dan cara atasinya,"Sun, 02 Aug 2026 23:19:36 +0700",,"Olahraga seharusnya membuat tubuh terasa lebih segar dan bugar. Namun, sebagian orang justru mengalami mual saat sedang ...",https://www.antaranews.com/berita/5676912/suka-mual-saat-olahraga-ini-penyebab-dan-cara-atasinya,https://cdn.antaranews.com/cache/800x533/2020/05/02/stretching-498256_1280.jpg
lifestyle,10 Makanan yang bagus untuk bulu kucing agar tetap lebat dan berkilau,"Sun, 02 Aug 2026 22:58:56 +0700",,"Bulu yang lebat, halus, dan berkilau menjadi salah satu tanda bahwa kucing berada dalam kondisi sehat. Selain ...",https://www.antaranews.com/berita/5676901/10-makanan-yang-bagus-untuk-bulu-kucing-agar-tetap-lebat-dan-berkilau,https://cdn.antaranews.com/cache/800x533/2019/08/16/IMG_1785.jpg
lifestyle,Inilah 10 penyebab kucing tidak mau makan dan cara atasinya,"Sun, 02 Aug 2026 22:55:13 +0700",,"Kucing yang tiba-tiba tidak mau makan tentu membuat pemiliknya khawatir. Pasalnya, nafsu makan merupakan salah satu ...",https://www.antaranews.com/berita/5676893/inilah-10-penyebab-kucing-tidak-mau-makan-dan-cara-atasinya,https://cdn.antaranews.com/cache/800x533/2021/08/08/IMG_20210808_073426-01.jpeg
lifestyle,"Apa Itu digital detox? manfaat, cara memulai, dan dampaknya bagi kesehatan mental","Sun, 02 Aug 2026 11:23:42 +0700",,Digital detox semakin banyak dibicarakan seiring meningkatnya kesadaran masyarakat terhadap dampak penggunaan gadget ...,https://www.antaranews.com/berita/5676429/apa-itu-digital-detox-manfaat-cara-memulai-dan-dampaknya-bagi-kesehatan-mental,https://cdn.antaranews.com/cache/800x533/2018/02/handphone.jpg
lifestyle,7 manfaat baby oil untuk wajah serta cara menggunakannya dengan aman,"Sun, 02 Aug 2026 11:14:29 +0700",,"Baby oil tidak hanya digunakan untuk perawatan kulit bayi, tetapi juga kerap dimanfaatkan sebagai bagian dari rutinitas ...",https://www.antaranews.com/berita/5676420/7-manfaat-baby-oil-untuk-wajah-serta-cara-menggunakannya-dengan-aman,https://cdn.antaranews.com/cache/800x533/2026/04/23/Tua.jpg
lifestyle,"20 ide hadiah lomba 17 Agustus 2026 yang murah, bermanfaat, dan menarik","Sun, 02 Aug 2026 11:09:39 +0700",,"Menjelang peringatan HUT ke-81 Kemerdekaan Republik Indonesia pada 17 Agustus 2026, berbagai lingkungan mulai ...",https://www.antaranews.com/berita/5676419/20-ide-hadiah-lomba-17-agustus-2026-yang-murah-bermanfaat-dan-menarik,https://cdn.antaranews.com/cache/800x533/2025/08/17/pesta-rakyat-hut-ri-di-monas-2602245.jpg
lifestyle,Kenapa badan sakit-sakit setelah gym? Ini sebab dan cara atasinya,"Sun, 02 Aug 2026 10:38:58 +0700",,"Merasa badan pegal atau sakit-sakit setelah berolahraga di gym merupakan hal yang umum dialami, terutama oleh pemula ...",https://www.antaranews.com/berita/5676396/kenapa-badan-sakit-sakit-setelah-gym-ini-sebab-dan-cara-atasinya,https://cdn.antaranews.com/cache/800x533/2026/03/02/indeks-pembangunan-manusia-kalimantan-barat-2670125.jpg
lifestyle,10 tanda tubuh kekurangan air yang sering diabaikan,"Sun, 02 Aug 2026 10:04:12 +0700",,"Air merupakan komponen utama dalam tubuh manusia yang berperan penting dalam menjaga suhu tubuh, melancarkan sirkulasi ...",https://www.antaranews.com/berita/5676363/10-tanda-tubuh-kekurangan-air-yang-sering-diabaikan,https://cdn.antaranews.com/cache/800x533/2026/03/04/Aqua-pic.jpg
lifestyle,10 barang wajib dibawa saat liburan agar perjalanan nyaman dan praktis,"Sun, 02 Aug 2026 10:00:42 +0700",,"Liburan menjadi momen yang dinantikan banyak orang untuk melepas penat dari rutinitas sehari-hari. Namun, perjalanan ...",https://www.antaranews.com/berita/5676355/10-barang-wajib-dibawa-saat-liburan-agar-perjalanan-nyaman-dan-praktis,https://cdn.antaranews.com/cache/800x533/2026/08/01/1000887286.jpg
lifestyle,10 cara mengatur keuangan bulanan agar gaji tidak cepat habis,"Sun, 02 Aug 2026 09:54:58 +0700",,"Mengelola keuangan bulanan menjadi tantangan bagi banyak orang, terutama saat pengeluaran terasa lebih besar daripada ...",https://www.antaranews.com/berita/5676352/10-cara-mengatur-keuangan-bulanan-agar-gaji-tidak-cepat-habis,https://cdn.antaranews.com/cache/800x533/2026/06/09/Ilustrasi-mengatur-keuangan.jpg
lifestyle,"6 wisata alam di Bogor yang ramah lansia, nyaman dan mudah diakses","Sat, 01 Aug 2026 15:08:07 +0700",,Kota Bogor dan wilayah sekitarnya menawarkan sejumlah destinasi wisata alam yang cocok dikunjungi bersama lansia. ...,https://www.antaranews.com/berita/5675711/6-wisata-alam-di-bogor-yang-ramah-lansia-nyaman-dan-mudah-diakses,https://cdn.antaranews.com/cache/800x533/2026/05/18/hut-krb-6.jpg
lifestyle,Cara menghilangkan rasa panas di tangan akibat cabai,"Sat, 01 Aug 2026 15:02:01 +0700",,Sensasi panas pada tangan setelah memegang atau mengolah cabai sering membuat tidak nyaman. Kondisi tersebut terjadi ...,https://www.antaranews.com/berita/5675701/cara-menghilangkan-rasa-panas-di-tangan-akibat-cabai,https://cdn.antaranews.com/cache/800x533/2025/10/04/cuci-tangan.jpg
lifestyle,10 kebiasaan kecil yang bisa meningkatkan kualitas hidup sehari-hari,"Sat, 01 Aug 2026 14:53:11 +0700",,"Menjalani hidup yang lebih baik tidak selalu membutuhkan perubahan besar. Justru, kebiasaan-kebiasaan kecil yang ...",https://www.antaranews.com/berita/5675683/10-kebiasaan-kecil-yang-bisa-meningkatkan-kualitas-hidup-sehari-hari,https://cdn.antaranews.com/cache/800x533/2026/06/24/skrining-kebugaran-jasmani-asn-kota-bogor-2810969.jpg
hiburan,"10 film dan serial Netflix terbaru tayang Agustus 2026, ada Dilan ITB 1997 hingga Outer Banks 5","Fri, 31 Jul 2026 07:58:37 +0700",,Netflix kembali menghadirkan berbagai film dan serial terbaru yang siap menemani penonton sepanjang Agustus 2026. ...,https://www.antaranews.com/berita/5673691/10-film-dan-serial-netflix-terbaru-tayang-agustus-2026-ada-dilan-itb-1997-hingga-outer-banks-5,https://cdn.antaranews.com/cache/800x533/2024/10/30/image0-14.jpeg
hiburan,"Sinopsis Spider-Man: Brand New Day, film baru Tom Holland yang resmi tayang di bioskop","Thu, 30 Jul 2026 23:22:19 +0700",,"Kabar gembira bagi para penggemar film superhero. Spider-Man: Brand New Day resmi tayang di bioskop mulai 30 Juli 2026, ...",https://www.antaranews.com/berita/5673487/sinopsis-spider-man-brand-new-day-film-baru-tom-holland-yang-resmi-tayang-di-bioskop,https://cdn.antaranews.com/cache/800x533/2026/06/18/7297.jpg
hiburan,15 Rekomendasi film bioskop seru bulan Agustus 2026,"Wed, 29 Jul 2026 16:37:40 +0700",,"Memasuki Agustus 2026, deretan film baru siap meramaikan layar bioskop di Indonesia. Berbagai rumah produksi ...",https://www.antaranews.com/berita/5671105/15-rekomendasi-film-bioskop-seru-bulan-agustus-2026,https://cdn.antaranews.com/cache/800x533/2026/03/20/1000292384.jpg
hiburan,"Konser Kanye West di Jakarta 2026: Jadwal, harga tiket, dan cara beli resmi","Wed, 29 Jul 2026 07:53:10 +0700",,"Kabar yang dinantikan para penggemar akhirnya terwujud. Rapper asal Amerika Serikat, Kanye West atau yang kini dikenal ...",https://www.antaranews.com/berita/5670317/konser-kanye-west-di-jakarta-2026-jadwal-harga-tiket-dan-cara-beli-resmi,https://cdn.antaranews.com/cache/800x533/2024/04/26/1000102769.jpg
hiburan,Hwang In Youp gelar fan meeting di Jakarta 24 Oktober 2026,"Fri, 24 Jul 2026 14:18:06 +0700",,Aktor dan model asal Korea Selatan Hwang In Youp dipastikan kembali menyapa para penggemarnya melalui tur fan meeting ...,https://www.antaranews.com/berita/5664068/hwang-in-youp-gelar-fan-meeting-di-jakarta-24-oktober-2026,https://cdn.antaranews.com/cache/800x533/2024/11/15/1731640283481_wuc9gy_2_0_1.jpg
hiburan,Kisah Odysseus sang Raja Ithaca dari mitologi Yunani,"Mon, 20 Jul 2026 07:06:24 +0700",,Odysseus merupakan salah satu tokoh paling terkenal dalam mitologi Yunani kuno. Sosok Raja Ithaca ini dikenal luas ...,https://www.antaranews.com/berita/5656513/kisah-odysseus-sang-raja-ithaca-dari-mitologi-yunani,https://cdn.antaranews.com/cache/800x533/2026/07/16/1001070830.jpg
hiburan,Daftar lengkap film dan serial MCU yang akan tayang 2026,"Sat, 17 Jan 2026 19:14:46 +0700",,Tahun 2026 diprediksi menjadi salah satu fase penting bagi Marvel Cinematic Universe (MCU). Setelah melalui berbagai ...,https://www.antaranews.com/berita/5357574/daftar-lengkap-film-dan-serial-mcu-yang-akan-tayang-2026,https://cdn.antaranews.com/cache/800x533/2025/02/22/IMG_0626.jpeg
hiburan,"Live action ""One Piece Season 2"" tayang Maret 2026, ini sinopsisnya","Thu, 15 Jan 2026 19:00:27 +0700",,"Kesuksesan serial versi live action ""One Piece"" Season 1 di Netflix menjadi tonggak penting bagi adaptasi ...",https://www.antaranews.com/berita/5354485/live-action-one-piece-season-2-tayang-maret-2026-ini-sinopsisnya,https://cdn.antaranews.com/cache/800x533/2023/09/15/IMG_20230915_154119.jpg
hiburan,"Sinopsis buku ""Broken Strings"" karya Aurelie Moeremans","Thu, 15 Jan 2026 12:13:14 +0700",,"Aktris Aurelie Moeremans belakangan menjadi sorotan publik setelah merilis sebuah buku memoar berjudul ""Broken ...",https://www.antaranews.com/berita/5353477/sinopsis-buku-broken-strings-karya-aurelie-moeremans,https://cdn.antaranews.com/cache/800x533/2021/10/06/First-Look-Poster.jpg
hiburan,"Jadwal lengkap BTS World Tour 2026-2027, Indonesia kebagian Desember","Wed, 14 Jan 2026 18:20:23 +0700",,Kabar gembira bagi ARMY (nama fandom global BTS) di seluruh dunia. BTS resmi mengumumkan jadwal lengkap World Tour 2026 ...,https://www.antaranews.com/berita/5352081/jadwal-lengkap-bts-world-tour-2026-2027-indonesia-kebagian-desember,https://cdn.antaranews.com/cache/800x533/2026/01/07/bts4.jpg
hiburan,"Profil Aurelie Moeremans, aktris di balik buku memoar ""Broken Strings""","Wed, 14 Jan 2026 08:00:46 +0700",,"Aktris berbakat Aurelie Moeremans tengah menjadi sorotan publik setelah merilis buku memoar berjudul ""Broken ...",https://www.antaranews.com/berita/5350649/profil-aurelie-moeremans-aktris-di-balik-buku-memoar-broken-strings,https://cdn.antaranews.com/cache/800x533/2020/10/21/Screenshot_2020-10-21-17-08-55-08_copy_1080x720.jpg
hiburan,"Sinopsis film horor terbaru ""Alas Roban"" tayang 15 Januari 2026","Sat, 10 Jan 2026 20:00:45 +0700",,Layar lebar Indonesia kembali menyuguhkan kisah horor dari salah satu lokasi paling angker di tanah Jawa. Film horor ...,https://www.antaranews.com/berita/5344237/sinopsis-film-horor-terbaru-alas-roban-tayang-15-januari-2026,https://cdn.antaranews.com/cache/800x533/2026/01/10/OFFICIAL_POSTER_ALAS_ROBANKeputusan_Sita_michelleziu_melewati_Alas_Roban_berubah_menjadi_m.v1.jpg
hiburan,"Film ""Suka Duka Tawa"" sudah tayang 2026, ini sinopsis dan pemainnya","Fri, 09 Jan 2026 18:47:24 +0700",,"Film komedi terbaru berjudul ""Suka Duka Tawa"" resmi tayang serentak di bioskop seluruh Indonesia mulai 8 ...",https://www.antaranews.com/berita/5342501/film-suka-duka-tawa-sudah-tayang-2026-ini-sinopsis-dan-pemainnya,https://cdn.antaranews.com/cache/800x533/2025/12/06/WhatsApp-Image-2025-12-06-at-20.56.46.jpeg
hiburan,"Ini film ""Doraemon"" yang masih bisa di tonton lewat Netflix","Thu, 08 Jan 2026 16:07:29 +0700",,"Siapa yang tak mengenal Doraemon, robot kucing berwarna biru dari masa depan yang menemani petualangan Nobita dan ...",https://www.antaranews.com/berita/5339685/ini-film-doraemon-yang-masih-bisa-di-tonton-lewat-netflix,https://cdn.antaranews.com/cache/800x533/2023/07/19/FvKtgTMaYAA4ZOZ.jpg
hiburan,"Profil Millie Bobby Brown, sosok Eleven dalam serial ""Stranger Things""","Mon, 05 Jan 2026 21:41:41 +0700",,Nama Millie Bobby Brown kembali mencuri perhatian publik lewat perannya sebagai Eleven dalam serial fenomenal Stranger ...,https://www.antaranews.com/berita/5334655/profil-millie-bobby-brown-sosok-eleven-dalam-serial-stranger-things,https://cdn.antaranews.com/cache/800x533/2025/12/28/5aa25b6e494c4a8b63d896f2b28bc17e8df486606863e976e945d89b0856a389-1.jpg
hiburan,Ini lima lagu NewJeans yang populer di Spotify,"Mon, 05 Jan 2026 20:16:39 +0700",,"NewJeans merupakan grup wanita asal Korea Selatan yang debut pada 2022 di bawah naungan ADOR, sub-label dari HYBE ...",https://www.antaranews.com/berita/5334469/ini-lima-lagu-newjeans-yang-populer-di-spotify,https://cdn.antaranews.com/cache/800x533/2025/12/29/newjeans.jpeg
hiburan,"Mengenal NewJeans: Profil, prestasi, dan konflik yang terjadi","Sun, 04 Jan 2026 18:58:47 +0700",,"Sejak debutnya pada Juli 2022, NewJeans menjadi fenomena global yang memberi warna baru di industri K-Pop.

Grup ...",https://www.antaranews.com/berita/5332891/mengenal-newjeans-profil-prestasi-dan-konflik-yang-terjadi,https://cdn.antaranews.com/cache/800x533/2025/11/12/WhatsApp-Image-2025-11-12-at-18.16.44_12842a2a.jpg
hiburan,"Jessie J: Tahun 2025, salah satu tahun tersulit dalam hidup","Wed, 31 Dec 2025 20:03:01 +0700",,Penyanyi Jessie J membagikan perenungannya tentang tahun 2025 yang disebutnya sebagai salah satu tahun tersulit dalam ...,https://www.antaranews.com/berita/5328883/jessie-j-tahun-2025-salah-satu-tahun-tersulit-dalam-hidup,https://cdn.antaranews.com/cache/800x533/2025/06/04/WhatsApp-Image-2025-06-04-at-14.45.09.jpeg
hiburan,"Mengenal Danielle Marsh, mantan member NewJeans yang dikeluarkan ADOR","Tue, 30 Dec 2025 19:29:05 +0700",,"Danielle Marsh, atau yang lebih dikenal dengan nama Danielle, selama ini dikenal publik sebagai salah satu anggota grup ...",https://www.antaranews.com/berita/5327299/mengenal-danielle-marsh-mantan-member-newjeans-yang-dikeluarkan-ador,https://cdn.antaranews.com/cache/800x533/2025/12/30/Daniels.jpeg
hiburan,"Tak perlu mahal, ini 13 ide kegiatan romantis bareng kekasih saat Tahun Baru","Mon, 29 Dec 2025 16:50:03 +0700",,Saat perayaan malam tahun baru sering dimanfaatkan pasangan untuk menghabiskan waktu bersama karena terasa lebih ...,https://www.antaranews.com/berita/5325634/tak-perlu-mahal-ini-13-ide-kegiatan-romantis-bareng-kekasih-saat-tahun-baru,https://cdn.antaranews.com/cache/800x533/2021/04/16/pexels-elly-fairytale-4008773.jpg
dunia,Daftar 13 tokoh dunia yang masuk target balas dendam Iran,"Fri, 17 Jul 2026 07:50:36 +0700",,"Media massa yang berafiliasi dengan pemerintah Iran, Hamshahri, memuat daftar 13 tokoh dunia yang disebut menjadi ...",https://www.antaranews.com/berita/5653244/daftar-13-tokoh-dunia-yang-masuk-target-balas-dendam-iran,https://cdn.antaranews.com/cache/800x533/2026/07/16/iran.jpg
dunia,"Trump akan kenakan tarif 25 persen pada produk otomotif, kayu, dan farmasi Korsel","Tue, 27 Jan 2026 11:53:03 +0700",,Presiden Amerika Serikat (AS) Donald Trump pada Senin (26/1) menyampaikan bahwa dirinya akan menaikkan tarif dari 15 ...,https://www.antaranews.com/berita/5378358/trump-akan-kenakan-tarif-25-persen-pada-produk-otomotif-kayu-dan-farmasi-korsel,https://cdn.antaranews.com/cache/800x533/2026/01/27/CjkinzN000002_20260127_CBMFN0A001.jpg
dunia,"Profil Sidharto Reza, Presiden Dewan HAM PBB perwakilan RI","Fri, 09 Jan 2026 20:37:19 +0700",,Indonesia kembali mendapat kepercayaan di kancah internasional melalui terpilihnya diplomat senior Sidharto Reza ...,https://www.antaranews.com/berita/5342817/profil-sidharto-reza-presiden-dewan-ham-pbb-perwakilan-ri,https://cdn.antaranews.com/cache/800x533/2023/09/03/102.jpg
dunia,Trump klaim Kuba tak akan bisa bertahan tanpa pasokan minyak Venezuela,"Fri, 09 Jan 2026 16:56:49 +0700",,Presiden Amerika Serikat Donald Trump pada Jumat mengatakan bahwa Kuba tidak akan mampu bertahan tanpa pasokan ...,https://www.antaranews.com/berita/5342181/trump-klaim-kuba-tak-akan-bisa-bertahan-tanpa-pasokan-minyak-venezuela,https://cdn.antaranews.com/cache/800x533/2025/10/10/Trump3.jpg
dunia,Ketahui 6 fakta menarik terkait negara Venezuela,"Thu, 08 Jan 2026 16:08:53 +0700",,Negara Venezuela menjadi sorotan dunia setelah kabar penangkapan Presiden Nicolas Maduro oleh Presiden AS Donald ...,https://www.antaranews.com/berita/5339693/ketahui-6-fakta-menarik-terkait-negara-venezuela,https://cdn.antaranews.com/cache/800x533/2026/01/03/XxjpbeE000096_20260103_PEPFN0A001.jpg
dunia,"Mengenal Greenland, 10 fakta menarik pulau terbesar di dunia","Thu, 08 Jan 2026 15:51:29 +0700",,"Greenland adalah sebuah negara yang dikenal 80 persen wilayahnya tertutup oleh es abadi, bukan hamparan daratan hijau ...",https://www.antaranews.com/berita/5339621/mengenal-greenland-10-fakta-menarik-pulau-terbesar-di-dunia,https://cdn.antaranews.com/cache/800x533/2026/01/08/Daratan-Greenland.jpg
dunia,Spanyol tolak intervensi yang langgar hukum internasional di Venezuela,"Sun, 04 Jan 2026 17:38:54 +0700",,Spanyol tidak akan mendukung intervensi eksternal apa pun di Venezuela yang melanggar hukum internasional dan berisiko ...,https://www.antaranews.com/berita/5332804/spanyol-tolak-intervensi-yang-langgar-hukum-internasional-di-venezuela,https://cdn.antaranews.com/cache/800x533/2026/01/04/pedro-sanchez-1.jpg
dunia,"Mengetahui apa itu Dewan HAM PBB, fungsi, dan tugasnya","Sat, 27 Dec 2025 21:00:05 +0700",,"Indonesia terpilih menjadi kandidat Ketua Dewan HAM PBB untuk masa jabatan 2026, setelah mendapatkan dukungan dari ...",https://www.antaranews.com/berita/5323990/mengetahui-apa-itu-dewan-ham-pbb-fungsi-dan-tugasnya,https://cdn.antaranews.com/cache/800x533/2024/08/01/Dewan-HAM.jpg
dunia,"Selain Patung Liberty, Ini daftar landmark ikonik megah di dunia","Sat, 20 Dec 2025 15:52:29 +0700",,"Berbagai belahan dunia menyimpan bangunan megah yang bukan hanya menjadi saksi sejarah, tetapi juga simbol kemewahan ...",https://www.antaranews.com/berita/5314822/selain-patung-liberty-ini-daftar-landmark-ikonik-megah-di-dunia,https://cdn.antaranews.com/cache/800x533/2022/07/15/2022-07-14T223217Z_812204974_RC2YBV9F4HQF_RTRMADP_3_FRANCE-NATIONALDAY-FIREWORKS.jpg
dunia,Sejarah dan makna Patung Liberty di balik video robohnya yang viral,"Fri, 19 Dec 2025 06:37:14 +0700",,Video robohnya replika Patung Liberty di Brasil yang belakangan viral di media sosial menjadi perbincangan dan ...,https://www.antaranews.com/berita/5312446/sejarah-dan-makna-patung-liberty-di-balik-video-robohnya-yang-viral,https://cdn.antaranews.com/cache/800x533/2025/12/18/unnamed.v1.jpg
dunia,Patung Liberty roboh? Ini fakta dan makna replikanya di Brasil,"Thu, 18 Dec 2025 16:46:23 +0700",,Patung Liberty selama ini dikenal sebagai simbol kebebasan dan persahabatan yang melekat kuat dengan kota New York dan ...,https://www.antaranews.com/berita/5311354/patung-liberty-roboh-ini-fakta-dan-makna-replikanya-di-brasil,https://cdn.antaranews.com/cache/800x533/2025/12/18/unnamed.v1.jpg
dunia,"5 terowongan kereta api terpanjang di dunia, dari Swiss hingga Spanyol","Thu, 11 Dec 2025 08:01:41 +0700",,"Kemajuan transportasi kereta api tidak hanya bergantung pada teknologi gerbong dan rel, tetapi juga pada kemampuan ...",https://www.antaranews.com/berita/5298679/5-terowongan-kereta-api-terpanjang-di-dunia-dari-swiss-hingga-spanyol,https://cdn.antaranews.com/cache/800x533/2014/05/20140513039.jpg
dunia,Sejarah Hari Peringatan untuk Semua Korban Perang Kimia 30 November,"Mon, 01 Dec 2025 10:35:48 +0700",,"Hari Peringatan untuk Semua Korban Perang Kimia diperingati setiap tahun tanggal 30 November, sebagai bentuk ...",https://www.antaranews.com/berita/5278465/sejarah-hari-peringatan-untuk-semua-korban-perang-kimia-30-november,https://cdn.antaranews.com/cache/800x533/2022/06/15/reuters_azot-1.jpg
dunia,"Deretan negara yang paling banyak dikunjungi, Prancis nomor satu","Fri, 14 Nov 2025 10:17:19 +0700",,"Setiap negara punya ciri khas pesonanya tersendiri. Ada negara yang kaya akan pemandangan alamnya, ada yang memikat ...",https://www.antaranews.com/berita/5241413/deretan-negara-yang-paling-banyak-dikunjungi-prancis-nomor-satu,https://cdn.antaranews.com/cache/800x533/2022/07/06/eifel.jpg
dunia,Mengenal Jembatan Hongqi di China yang ambruk dan viral di medsos,"Thu, 13 Nov 2025 20:03:12 +0700",,"Jembatan Hongqi di Provinsi Sichuan, barat daya China, yang baru dibuka beberapa bulan lalu menuai sorotan di jagad ...",https://www.antaranews.com/berita/5240449/mengenal-jembatan-hongqi-di-china-yang-ambruk-dan-viral-di-medsos,https://cdn.antaranews.com/cache/800x533/2025/11/13/CjkinzN007017_20250822_CBMFN0A007.v1.jpg
dunia,"Profil Ghazala Hashmi, wanita Muslim yang jadi Wakil Gubernur Virginia","Sat, 08 Nov 2025 00:16:37 +0700",,Setelah nama Zohran Mamdani mengguncang publik karena menjadi Muslim pertama yang terpilih sebagai Wali Kota New York ...,https://www.antaranews.com/berita/5228105/profil-ghazala-hashmi-wanita-muslim-yang-jadi-wakil-gubernur-virginia,https://cdn.antaranews.com/cache/800x533/2025/11/08/Hashmi_-_Porch_Headshot_cropped.jpg
dunia,"Ini sosok Rama Duwaji, ""First Lady"" New York Gen Z & Muslim pertama","Sat, 08 Nov 2025 00:06:33 +0700",,"New York City baru saja mengukir sejarah baru dalam kancah politiknya. Di usianya yang baru 34 tahun, Zohran Mamdani ...",https://www.antaranews.com/berita/5228069/ini-sosok-rama-duwaji-first-lady-new-york-gen-z-muslim-pertama,https://cdn.antaranews.com/cache/800x533/2025/11/07/1000249189.jpg
dunia,"Profil Rama Duwaji, istri Zohran Mamdani sang Wali Kota New York","Thu, 06 Nov 2025 17:33:18 +0700",,"Nama Rama Duwaji mencuat setelah sang suami, Zohran Mamdani, baru saja terpilih menjadi Wali Kota New York, Amerika ...",https://www.antaranews.com/berita/5224429/profil-rama-duwaji-istri-zohran-mamdani-sang-wali-kota-new-york,https://cdn.antaranews.com/cache/800x533/2025/11/05/muslim.jpg
dunia,Mengapa forum APEC penting? Ini fungsi dan manfaatnya untuk Indonesia,"Mon, 03 Nov 2025 13:09:27 +0700",,Kerja sama ekonomi kawasan masih menjadi pilar penting dalam menjaga stabilitas dan pertumbuhan global. Salah satu ...,https://www.antaranews.com/berita/5215945/mengapa-forum-apec-penting-ini-fungsi-dan-manfaatnya-untuk-indonesia,https://cdn.antaranews.com/cache/800x533/2025/11/02/selandia-baru.jpg
dunia,Daftar lengkap 21 negara anggota APEC dan tahun bergabungnya,"Mon, 03 Nov 2025 13:07:04 +0700",,Kerja sama antarnegara di kawasan Asia Pasifik memiliki peran penting dalam menjaga pertumbuhan ekonomi dunia. Salah ...,https://www.antaranews.com/berita/5215933/daftar-lengkap-21-negara-anggota-apec-dan-tahun-bergabungnya,https://cdn.antaranews.com/cache/800x533/2025/11/01/WhatsApp-Image-2025-11-01-at-15.44.35.jpeg
tekno,10 cara mengurangi screen time agar mata tetap sehat dan tidur nyenyak,"Sun, 02 Aug 2026 10:13:01 +0700",,"Penggunaan ponsel, tablet, dan komputer telah menjadi bagian dari kehidupan sehari-hari. Mulai dari bekerja, belajar, ...",https://www.antaranews.com/berita/5676376/10-cara-mengurangi-screen-time-agar-mata-tetap-sehat-dan-tidur-nyenyak,https://cdn.antaranews.com/cache/800x533/2026/07/09/CDAD3117-892E-4E7F-AF44-CF43EED7F052.jpeg
tekno,Cara tepat restart paksa iPhone yang error agar kembali normal,"Sun, 02 Aug 2026 10:09:15 +0700",,"iPhone yang tiba-tiba error, layar tidak merespons sentuhan, atau berhenti di logo Apple menjadi masalah yang cukup ...",https://www.antaranews.com/berita/5676373/cara-tepat-restart-paksa-iphone-yang-error-agar-kembali-normal,https://cdn.antaranews.com/cache/800x533/2026/05/13/InShot_20260513_153025843.jpg
tekno,"Sisa kuota bisa dibawa? Ini cara aktifkan kuota rollover di Telkomsel, Indosat, dan XL","Fri, 31 Jul 2026 08:30:49 +0700",,Fitur kuota internet rollover atau akumulasi kuota menjadi perhatian pengguna layanan seluler setelah adanya putusan ...,https://www.antaranews.com/berita/5673721/sisa-kuota-bisa-dibawa-ini-cara-aktifkan-kuota-rollover-di-telkomsel-indosat-dan-xl,https://cdn.antaranews.com/cache/800x533/2026/07/23/1000001944.jpg
tekno,"5 HP murah 128GB di bawah Rp2 juta terbaik 2026, RAM besar dan baterai awet","Fri, 31 Jul 2026 06:42:51 +0700",,Pasar ponsel pintar kelas entry-level pada 2026 semakin menawarkan pilihan menarik dengan penyimpanan 128GB dan harga ...,https://www.antaranews.com/berita/5673649/5-hp-murah-128gb-di-bawah-rp2-juta-terbaik-2026-ram-besar-dan-baterai-awet,https://cdn.antaranews.com/cache/800x533/2025/01/16/InShot_20250116_111246588.jpg
tekno,Nomor HP hilang? Begini cara blokir kartu SIM agar tidak disalahgunakan,"Fri, 31 Jul 2026 06:32:54 +0700",,"Kehilangan ponsel atau kartu SIM perlu segera ditangani agar nomor telepon tidak disalahgunakan untuk penipuan, ...",https://www.antaranews.com/berita/5673641/nomor-hp-hilang-begini-cara-blokir-kartu-sim-agar-tidak-disalahgunakan,https://cdn.antaranews.com/cache/800x533/2026/06/10/IMG-20260610-WA0006-1.jpg
tekno,"10 smartwatch terbaik 2026 untuk olahraga, lengkap dengan fitur dan rekomendasinya","Wed, 29 Jul 2026 07:40:37 +0700",,"Smartwatch olahraga semakin diminati karena menawarkan fitur pemantauan kesehatan, pelacakan aktivitas fisik, hingga ...",https://www.antaranews.com/berita/5670311/10-smartwatch-terbaik-2026-untuk-olahraga-lengkap-dengan-fitur-dan-rekomendasinya,https://cdn.antaranews.com/cache/800x533/2024/01/07/IMG-20240107-WA0013.jpg
tekno,7 cara menjaga battery health iPhone agar tetap awet dan tak cepat turun,"Wed, 29 Jul 2026 07:07:20 +0700",,Kesehatan baterai atau Battery Health merupakan salah satu aspek penting yang perlu diperhatikan oleh pengguna iPhone. ...,https://www.antaranews.com/berita/5670281/7-cara-menjaga-battery-health-iphone-agar-tetap-awet-dan-tak-cepat-turun,https://cdn.antaranews.com/cache/800x533/2026/06/29/InShot_20260629_204048450.jpg
tekno,"5 rekomendasi iPhone yang masih layak dibeli tahun ini, mulai Rp3 jutaan","Tue, 28 Jul 2026 08:44:15 +0700",,iPhone masih menjadi salah satu smartphone premium yang memiliki daya tarik tinggi di pasar. Selain menawarkan desain ...,https://www.antaranews.com/berita/5668704/5-rekomendasi-iphone-yang-masih-layak-dibeli-tahun-ini-mulai-rp3-jutaan,https://cdn.antaranews.com/cache/800x533/2026/06/30/ipsadhad.jpg
tekno,"Spesifikasi Samsung Galaxy Z Fold 8 Ultra: Kamera 200MP, baterai 5.000mAh, Snapdragon 8 Elite Gen 5","Fri, 24 Jul 2026 08:59:40 +0700",,"Samsung resmi memperkenalkan Galaxy Z Fold 8 Ultra, ponsel lipat premium terbaru yang membawa sejumlah peningkatan ...",https://www.antaranews.com/berita/5663692/spesifikasi-samsung-galaxy-z-fold-8-ultra-kamera-200mp-baterai-5000mah-snapdragon-8-elite-gen-5,https://cdn.antaranews.com/cache/800x533/2026/07/23/IMG_1039.jpg
tekno,"Spesifikasi Samsung Galaxy Z Fold 8: Lebih tipis, baterai tahan 26 jam, AI makin canggih","Fri, 24 Jul 2026 08:54:50 +0700",,Samsung kembali memperkuat lini ponsel lipat premium dengan meluncurkan Samsung Galaxy Z Fold 8. Generasi terbaru seri ...,https://www.antaranews.com/berita/5663689/spesifikasi-samsung-galaxy-z-fold-8-lebih-tipis-baterai-tahan-26-jam-ai-makin-canggih,https://cdn.antaranews.com/cache/800x533/2026/07/23/H8_Global_Group_KV_Image_TAB.jpg
tekno,"Perbedaan KOL dan Influencer, anak marketing harus tahu!","Thu, 23 Jul 2026 17:15:05 +0700",,Istilah Key Opinion Leader (KOL) dan influencer atau pemengaruh semakin sering digunakan dalam dunia pemasaran ...,https://www.antaranews.com/berita/5662752/perbedaan-kol-dan-influencer-anak-marketing-harus-tahu,https://cdn.antaranews.com/cache/800x533/2022/05/31/trik.jpg
tekno,"8 power bank terbaik 2026 yang bagus, awet, dan fast charging","Thu, 23 Jul 2026 08:13:12 +0700",,"Power bank menjadi perangkat penting bagi pengguna smartphone yang sering beraktivitas di luar rumah. Pada 2026, ...",https://www.antaranews.com/berita/5661805/8-power-bank-terbaik-2026-yang-bagus-awet-dan-fast-charging,https://cdn.antaranews.com/cache/800x533/2022/06/26/power-bank-gc9720e1ac_1920.jpg
tekno,5 rekomendasi laptop murah untuk pelajar dan mahasiswa 2026,"Thu, 23 Jul 2026 08:09:47 +0700",,"Kebutuhan laptop untuk pelajar dan mahasiswa terus meningkat seiring aktivitas belajar digital, mulai dari mengerjakan ...",https://www.antaranews.com/berita/5661800/5-rekomendasi-laptop-murah-untuk-pelajar-dan-mahasiswa-2026,https://cdn.antaranews.com/cache/800x533/2025/12/19/acer-hadirkan.jpg
tekno,Cara kosongkan memori HP Android tanpa hapus aplikasi,"Tue, 21 Jul 2026 06:20:31 +0700",,"Memori penyimpanan yang hampir penuh dapat membuat ponsel Android terasa lambat, sulit memasang aplikasi baru, hingga ...",https://www.antaranews.com/berita/5658059/cara-kosongkan-memori-hp-android-tanpa-hapus-aplikasi,https://cdn.antaranews.com/cache/800x533/2024/01/09/1000108814.jpg
tekno,Mau beli PS4 di 2026? Ini bedanya PS4 HEN dan Original dari Sony,"Fri, 02 Jan 2026 09:23:34 +0700",,"Memasuki awal tahun 2026, keinginan untuk memiliki konsol game seperti PlayStation 4 masih cukup tinggi, terutama bagi ...",https://www.antaranews.com/berita/5330305/mau-beli-ps4-di-2026-ini-bedanya-ps4-hen-dan-original-dari-sony,https://cdn.antaranews.com/cache/800x533/2022/02/10/pexels-jaroslav-nymbursky-687811.jpg
tekno,Cara cek update HyperOS 3 dan daftar HP Xiaomi yang kebagian di China,"Wed, 24 Dec 2025 08:43:47 +0700",,Xiaomi resmi melanjutkan pengembangan sistem operasinya dengan menghadirkan HyperOS 3 yang berbasis Android 16. ...,https://www.antaranews.com/berita/5319967/cara-cek-update-hyperos-3-dan-daftar-hp-xiaomi-yang-kebagian-di-china,https://cdn.antaranews.com/cache/800x533/2025/09/09/InShot_20250909_181534706.jpg
tekno,"Perbandingan PS4 dan PS5, masih layakkah PS4 di akhir tahun 2025?","Tue, 23 Dec 2025 20:16:37 +0700",,"Perkembangan konsol game terus mengalami kemajuan pesat, terutama sejak kehadiran PlayStation 5 yang membawa berbagai ...",https://www.antaranews.com/berita/5319412/perbandingan-ps4-dan-ps5-masih-layakkah-ps4-di-akhir-tahun-2025,https://cdn.antaranews.com/cache/800x533/2022/02/10/pexels-jaroslav-nymbursky-687811.jpg
tekno,Cara update iOS 26.2 dan daftar perangkat yang tersedia update,"Fri, 19 Dec 2025 06:27:47 +0700",,"Apple resmi merilis pembaruan sistem operasi terbaru untuk iPhone, yaitu iOS 26.2. Pembaruan ini memiliki beberapa ...",https://www.antaranews.com/berita/5312440/cara-update-ios-262-dan-daftar-perangkat-yang-tersedia-update,https://cdn.antaranews.com/cache/800x533/2025/08/13/InShot_20250725_114353577.jpg
tekno,Rekomendasi aplikasi game matematika yang seru untuk dimainkan anak,"Wed, 17 Dec 2025 08:39:35 +0700",,"Bagi sebagian anak, matematika sering dianggap sebagai pelajaran yang sulit dan membosankan. Angka, rumus, dan soal ...",https://www.antaranews.com/berita/5308708/rekomendasi-aplikasi-game-matematika-yang-seru-untuk-dimainkan-anak,https://cdn.antaranews.com/cache/800x533/2024/03/07/WhatsApp-Image-2024-03-04-at-18.27.58.jpeg
otomotif,Spesifikasi dan harga Honda All New Vario 125 terbaru 2025,"Wed, 03 Dec 2025 13:50:07 +0700",,Honda All New Vario 125 kembali menjadi sorotan setelah resmi diperkenalkan sebagai generasi terbaru dalam jajaran ...,https://otomotif.antaranews.com/berita/5284265/spesifikasi-dan-harga-honda-all-new-vario-125-terbaru-2025,https://cdn.antaranews.com/cache/800x533/2025/12/02/WhatsApp-Image-2025-12-02-at-11.15.39-1.jpeg
otomotif,Shell Super atau V-Power? Ini perbedaan dan keunggulannya,"Mon, 01 Dec 2025 19:28:53 +0700",,Memilih jenis bahan bakar yang tepat menjadi salah satu kunci menjaga performa kendaraan tetap prima. Di jaringan SPBU ...,https://otomotif.antaranews.com/berita/5280125/shell-super-atau-v-power-ini-perbedaan-dan-keunggulannya,https://cdn.antaranews.com/cache/800x533/2023/03/09/antarafoto-penyesuaian-harga-bbm-swasta-09032023-mrh-1.jpg
otomotif,Panduan lengkap memilih BBM Shell di tengah penyesuaian harga terbaru,"Mon, 01 Dec 2025 19:18:41 +0700",,"Mengenali berbagai jenis bahan bakar yang ditawarkan Shell Indonesia menjadi penting bagi para pemilik kendaraan, ...",https://otomotif.antaranews.com/berita/5280073/panduan-lengkap-memilih-bbm-shell-di-tengah-penyesuaian-harga-terbaru,https://cdn.antaranews.com/cache/800x533/2025/11/27/shell-beli-100-ribu-barel-bbm-dari-pertamina-2677181.jpg
otomotif,"Mengenal Bobibos, bahan bakar dari jerami inovasi anak bangsa","Wed, 12 Nov 2025 21:58:17 +0700",,"Indonesia kembali menunjukkan kemampuan inovatifnya di bidang energi terbarukan melalui terobosan baru bernama Bobibos, ...",https://otomotif.antaranews.com/berita/5238361/mengenal-bobibos-bahan-bakar-dari-jerami-inovasi-anak-bangsa,https://cdn.antaranews.com/cache/800x533/2022/11/15/IMG_20221115_145101.jpg
otomotif,Spesifikasi & harga Jaecoo J5 EV,"Wed, 05 Nov 2025 08:45:52 +0700",,"Jaecoo Indonesia resmi meluncurkan harga mobil listrik terbarunya, Jaecoo J5 EV, pada Senin (3/11).

Dengan slogan ...",https://otomotif.antaranews.com/berita/5220565/spesifikasi-harga-jaecoo-j5-ev,https://cdn.antaranews.com/cache/800x533/2025/11/03/WhatsApp-Image-2025-11-03-at-14.06.31.jpeg
otomotif,"Sejarah mobil Daihatsu: Dari Midget ""bemo"" hingga Midget X","Mon, 20 Oct 2025 16:09:42 +0700",,"Selama puluhan tahun, Daihatsu menjadi kendaraan pilihan banyak kalangan di Indonesia, mulai dari pelaku usaha kecil ...",https://otomotif.antaranews.com/berita/5186041/sejarah-mobil-daihatsu-dari-midget-bemo-hingga-midget-x,https://cdn.antaranews.com/cache/800x533/2020/11/05/Kendaraan-Mini-Tiga-Roda-pertama-Daihatsu-Midget-yang-dulu-akrab-dipang.v1.jpg
otomotif,8 cara efektif hemat BBM mobil di tengah stok yang menipis,"Fri, 03 Oct 2025 07:50:12 +0700",,Ketersediaan bahan bakar minyak (BBM) di sejumlah daerah kini mulai terbatas. Kondisi ini membuat para pengendara ...,https://otomotif.antaranews.com/berita/5150493/8-cara-efektif-hemat-bbm-mobil-di-tengah-stok-yang-menipis,https://cdn.antaranews.com/cache/800x533/2025/07/22/berkendara.jpg
otomotif,"Jangan matikan mesin motor matic dengan standar, ini efek negatifnya","Fri, 19 Sep 2025 11:32:16 +0700",,Saat ini sebagian besar motor sudah dilengkapi fitur Side Stand Switch pada standar samping. Fungsinya untuk melindungi ...,https://otomotif.antaranews.com/berita/5119901/jangan-matikan-mesin-motor-matic-dengan-standar-ini-efek-negatifnya,https://cdn.antaranews.com/cache/800x533/2024/03/08/antarafoto-honda-luncurkan-motor-matic-stylo-160-020224-fm-5.jpg
otomotif,Rincian perubahan harga BBM terbaru Vivo mulai 1 September 2025,"Mon, 01 Sep 2025 21:01:21 +0700",,"Pada awal bulan September 2025 ini, perusahaan penyedia bahan bakar minyak (BBM) swasta kembali menyesuaikan harga jual ...",https://otomotif.antaranews.com/berita/5080221/rincian-perubahan-harga-bbm-terbaru-vivo-mulai-1-september-2025,https://cdn.antaranews.com/cache/800x533/2017/11/201711241_3.jpg
warta-bumi,"7 hewan endemik Indonesia yang sudah punah, satu jadi sorotan dunia","Thu, 23 Jul 2026 15:30:54 +0700",,Indonesia dikenal sebagai salah satu negara dengan keanekaragaman hayati terbesar di dunia. Dengan kawasan hutan yang ...,https://www.antaranews.com/berita/5662509/7-hewan-endemik-indonesia-yang-sudah-punah-satu-jadi-sorotan-dunia,https://cdn.antaranews.com/cache/800x533/2026/06/27/37d0e3d5-2eb4-4b81-aaac-e7ca691e16ac.jpeg
warta-bumi,"Mengenal fenomena ""Whirlpool"" dan penyebab terjadinya","Tue, 20 Jan 2026 08:09:49 +0700",,"Pernahkah kamu memperhatikan bagaimana air berputar dengan cepat saat lubang pembuangan bak mandi dibuka?

Dalam ...",https://www.antaranews.com/berita/5361658/mengenal-fenomena-whirlpool-dan-penyebab-terjadinya,https://cdn.antaranews.com/cache/800x533/2025/05/31/1000847423.jpg
warta-bumi,"Ingat, ini dampak buruk menyalakan kembang api bagi lingkungan","Fri, 26 Dec 2025 10:18:34 +0700",,"Kembang api hampir selalu ada dalam perayaan besar, termasuk saat menyambut tahun baru.

Dentuman suara dan cahaya ...",https://www.antaranews.com/berita/5322607/ingat-ini-dampak-buruk-menyalakan-kembang-api-bagi-lingkungan,https://cdn.antaranews.com/cache/800x533/2025/12/25/54b5b42d-bb2f-4de2-ad6d-949e945d9916.jpg
warta-bumi,"Hati-hati, ini jenis ular yang pandai memanjat pohon","Tue, 23 Dec 2025 20:21:14 +0700",,"Keberadaan ular kerap dikaitkan dengan area semak atau tanah, namun tidak sedikit jenis ular yang justru memiliki ...",https://www.antaranews.com/berita/5319436/hati-hati-ini-jenis-ular-yang-pandai-memanjat-pohon,https://cdn.antaranews.com/cache/800x533/2018/04/hutan_bakau01.jpg
warta-bumi,Mengenal 7 hewan endemik Indonesia yang terancam punah,"Wed, 17 Dec 2025 18:21:11 +0700",,Indonesia dikenal sebagai salah satu negara dengan keanekaragaman hayati terbesar di dunia. Dari hutan hujan tropis ...,https://www.antaranews.com/berita/5309716/mengenal-7-hewan-endemik-indonesia-yang-terancam-punah,https://cdn.antaranews.com/cache/800x533/2025/10/01/IMG_20251001_155845_015.jpg
warta-bumi,Perkembangan bibit Siklon Tropis 91S dan 93S di wilayah Indonesia,"Sat, 13 Dec 2025 19:11:32 +0700",,"Perkembangan bibit siklon tropis kembali menjadi perhatian publik setelah Badan Meteorologi, Klimatologi, dan Geofisika ...",https://www.antaranews.com/berita/5303338/perkembangan-bibit-siklon-tropis-91s-dan-93s-di-wilayah-indonesia,https://cdn.antaranews.com/cache/800x533/2025/03/17/IMG_20250317_142135-2.jpg
warta-bumi,"Hujan meteor Geminid 2025: Jadwal, fakta, dan tips untuk melihatnya","Sat, 13 Dec 2025 19:10:45 +0700",,Fenomena hujan meteor Geminid kembali menjadi salah satu peristiwa langit yang paling dinantikan setiap akhir tahun. ...,https://www.antaranews.com/berita/5303335/hujan-meteor-geminid-2025-jadwal-fakta-dan-tips-untuk-melihatnya,https://cdn.antaranews.com/cache/800x533/2021/12/15/CjkinzN007007_20211215_CBPFN0A001.jpg
warta-bumi,Studi: Suhu panas dapat turunkan kemampuan literasi-numerasi anak,"Fri, 12 Dec 2025 07:23:28 +0700",,Perubahan iklim yang berdampak pada pemanasan global dan peningkatan suhu bumi tidak hanya membawa dampak bagi ...,https://www.antaranews.com/berita/5300698/studi-suhu-panas-dapat-turunkan-kemampuan-literasi-numerasi-anak,https://cdn.antaranews.com/cache/800x533/2025/10/18/Dokter.jpg
warta-bumi,Manfaat tersembunyi daun nangka,"Fri, 05 Dec 2025 20:17:03 +0700",,Daun nangka sebenarnya menyimpan banyak khasiat meski selama ini sering dianggap tak lebih dari daun biasa. Tanaman ...,https://www.antaranews.com/berita/5289463/manfaat-tersembunyi-daun-nangka,https://cdn.antaranews.com/cache/800x533/2023/11/15/antarafoto-tanam-pohon-madiun-151123-sis-3.jpg
warta-bumi,Jamur hitam di Chernobyl diduga manfaatkan radiasi untuk hidup,"Thu, 04 Dec 2025 17:29:17 +0700",,Para ilmuwan menemukan jamur hitam unik bernama Cladosporium sphaerospermum di Pembangkit Listrik Tenaga Nuklir ...,https://www.antaranews.com/berita/5287111/jamur-hitam-di-chernobyl-diduga-manfaatkan-radiasi-untuk-hidup,https://cdn.antaranews.com/cache/800x533/2022/02/25/15.jpg
warta-bumi,Apa itu deforestasi hutan dan penyebabnya? Ini penjelasannya,"Thu, 04 Dec 2025 07:08:28 +0700",,"Deforestasi hutan menjadi salah satu persoalan lingkungan yang masih dihadapi saat ini.

Hal ini pun berdampak ...",https://www.antaranews.com/berita/5286031/apa-itu-deforestasi-hutan-dan-penyebabnya-ini-penjelasannya,https://cdn.antaranews.com/cache/800x533/2025/10/07/aksi-menolak-deforestasi-di-tanah-papua-2640401.jpg
warta-bumi,Ampas kopi: Bahan sederhana dengan segudang manfaat untuk kecantikan,"Wed, 26 Nov 2025 16:10:02 +0700",,Ampas kopi adalah sisa dari proses penyeduhan yang biasanya langsung dibuang karena dianggap tidak memiliki manfaat. ...,https://www.antaranews.com/berita/5268001/ampas-kopi-bahan-sederhana-dengan-segudang-manfaat-untuk-kecantikan,https://cdn.antaranews.com/cache/800x533/2025/10/29/produksi-briket-dari-ampas-kopi-2656173.jpg
warta-bumi,Menelusuri keunikan Rafflesia hasseltii,"Tue, 25 Nov 2025 20:24:02 +0700",,Indonesia dikenal sebagai negara dengan kekayaan hayati terbesar di dunia. Kekayaan ini menjadikan tanah air kita ...,https://www.antaranews.com/berita/5266289/menelusuri-keunikan-rafflesia-hasseltii,https://cdn.antaranews.com/cache/800x533/2023/11/15/rafflesia.png
warta-bumi,Kenapa bunga Rafflesia memiliki aroma busuk saat mekar?,"Tue, 25 Nov 2025 15:17:10 +0700",,"Bunga Rafflesia sering disebut sebagai bunga terbesar di dunia, tapi ukuran bukan satu-satunya hal yang membuatnya ...",https://www.antaranews.com/berita/5265209/kenapa-bunga-rafflesia-memiliki-aroma-busuk-saat-mekar,https://cdn.antaranews.com/cache/800x533/2023/11/15/rafflesia.png
warta-bumi,"Sering disangka kembar, ini beda rafflesia dan bunga bangkai","Tue, 25 Nov 2025 15:10:00 +0700",,Bunga bangkai dan Rafflesia sering dianggap sebagai tanaman yang sama karena sama-sama berukuran besar dan mengeluarkan ...,https://www.antaranews.com/berita/5265165/sering-disangka-kembar-ini-beda-rafflesia-dan-bunga-bangkai,https://cdn.antaranews.com/cache/800x533/2025/04/07/IMG-20250407-WA0000_1.jpg
warta-bumi,Lima flora langka di Indonesia dan upaya pelestariannya,"Tue, 25 Nov 2025 15:05:52 +0700",,"Indonesia punya kekayaan hayati yang luar biasa luas, tapi di balik rimbunnya hutan dan beragam ekosistem yang ...",https://www.antaranews.com/berita/5265153/lima-flora-langka-di-indonesia-dan-upaya-pelestariannya,https://cdn.antaranews.com/cache/800x533/2023/10/11/IMG_4853.jpeg
warta-bumi,Mengenal bunga Rafflesia: kembang raksasa yang terancam punah,"Sat, 22 Nov 2025 14:26:00 +0700",,"Bunga Rafflesia dikenal sebagai salah satu ikon flora paling unik di dunia. Ukurannya yang raksasa, bentuknya yang tak ...",https://www.antaranews.com/berita/5259445/mengenal-bunga-rafflesia-kembang-raksasa-yang-terancam-punah,https://cdn.antaranews.com/cache/800x533/2022/09/14/antarafoto-bunga-rafflesia-arnoldi-mekar-di-kebun-raya-bogor-140922-arf-5.jpg
warta-bumi,"Jenis-jenis Rafflesia di Indonesia, dari Arnoldii hingga Hasseltii","Sat, 22 Nov 2025 14:25:15 +0700",,"Indonesia menjadi salah satu pusat keberadaan bunga Rafflesia, flora unik yang dikenal sebagai “bunga ...",https://www.antaranews.com/berita/5259441/jenis-jenis-rafflesia-di-indonesia-dari-arnoldii-hingga-hasseltii,https://cdn.antaranews.com/cache/800x533/2025/11/13/IMG-20251113-WA0001.jpg
warta-bumi,Fakta menarik penemuan Rafflesia Hasseltii langka di Sumatera Barat,"Sat, 22 Nov 2025 06:34:44 +0700",,"Penemuan bunga Rafflesia Hasseltii di Sumatera kembali menyita perhatian para pecinta alam.

Spesies langka yang ...",https://www.antaranews.com/berita/5258925/fakta-menarik-penemuan-rafflesia-hasseltii-langka-di-sumatera-barat,https://cdn.antaranews.com/cache/800x533/2023/11/15/rafflesia.png
warta-bumi,Mengenal Rafflesia Hasseltii yang ditemukan mekar di Hutan Sumatra,"Fri, 21 Nov 2025 15:12:18 +0700",,"Rafflesia Hasseltii ditemukan mekar di hutan Sumatra, tepatnya di kawasan Hiring Batang Sumi, Kecamatan ...",https://www.antaranews.com/berita/5257361/mengenal-rafflesia-hasseltii-yang-ditemukan-mekar-di-hutan-sumatra,https://cdn.antaranews.com/cache/800x533/2023/11/15/rafflesia.png
photo,Petugas evakuasi dua jenazah korban kebakaran KM Mutiara Sentosa II,"Mon, 03 Aug 2026 09:03:11 +0700",,"Sejumlah petugas mengangkat kantong berisi jenazah korban kebakaran KM Mutiara Sentosa II setelah tiba di Dermaga Jamrud Utara, Pelabuhan Tanjung Perak, Surabaya, Jawa Timur, Senin (3/8/2026). Kapal kargo Meratus Pematang Siantar mengevakuasi 111 penumpang selamat dan dua jenazah korban kebakaran KM Mutiara Sentosa II di perairan utara Madura pada Minggu (2/8). ANTARA FOTO/Didik Suhartono/tom.",https://www.antaranews.com/foto/5677056/petugas-evakuasi-dua-jenazah-korban-kebakaran-km-mutiara-sentosa-ii,https://cdn.antaranews.com/cache/255x170/2026/08/03/korban-kebakaran-km-mutiara-sentosa-2-030826-Ds-4.jpg
photo,Andi Sultan raih medali emas Asian Taekwondo Indonesia Open Championships,"Sun, 02 Aug 2026 21:13:46 +0700",,"Atlet Taekwondo Indonesia Andi Sultan mengibarkan bendera Merah Putih usai memenangkan pertandingan final nomor Poomsae Freestyle Individual Men Over 17 pada 8th Asian Taekwondo Indonesia Open Championships 2026 di Tennis Indoor Senayan, Jakarta, Minggu (2/8/2026). Andi Sultan meraih medali emas dengan perolehan skor 8.540 poin. ANTARA FOTO/Dhemas Reviyanto/sgd",https://www.antaranews.com/foto/5676816/andi-sultan-raih-medali-emas-asian-taekwondo-indonesia-open-championships,https://cdn.antaranews.com/cache/255x170/2026/08/02/andi-sultan-raih-medali-emas-asian-taekwondo-indonesia-open-championships-2026-020826-dr-03.jpg
photo,Latihan Timnas Indonesia jelang lawan Vietnam,"Sun, 02 Aug 2026 21:09:02 +0700",,"Sejumlah pesepak bola Timnas Indonesia mengikuti sesi latihan di Stadion GBK, Jakarta, Minggu (2/8/2026). Latihan Timnas Indonesia untuk persiapan laga ketiga Grup A Piala AFF 2026 melawan Vietnam di Stadion Pakansari pada Senin (3/8/2026). ANTARA FOTO/Fakhri Hermansyah/sgd",https://www.antaranews.com/foto/5676812/latihan-timnas-indonesia-jelang-lawan-vietnam,https://cdn.antaranews.com/cache/255x170/2026/08/02/Latihan-Timnas-Indonesia-jelang-melawan-Vietnam-020826-Fah-4.jpg
photo,Melihat balap babi di Amerika,"Sun, 02 Aug 2026 17:06:31 +0700",,"Sejumlah babi berlomba dalam kompetisi balap babi pada Orange County Fair di Costa Mesa, California, Amerika Serikat, (1/8/2026). ANTARA FOTO/Xinhua/Qiu Chen/sgd",https://www.antaranews.com/foto/5676656/melihat-balap-babi-di-amerika,https://cdn.antaranews.com/cache/255x170/2026/08/02/XxjpbeE000086_20260802_PEPFN0A001.jpg
photo,Praktik open dumping TPST Bantargebang mulai dihentikan per agustus 2026,"Sun, 02 Aug 2026 13:39:18 +0700",,"Foto udara sejumlah truk melintas di dekat tumpukan sampah yang ditutup dengan media pelindung di Tempat Pembuangan Sampah Terpadu (TPST) Bantargebang, Cikiwul, Kota Bekasi, Jawa Barat, Minggu (2/8/2026). Pemerintah Provinsi DKI Jakarta mulai menerapkan sistem controlled landfill di TPST Bantargebang secara bertahap sejak 1 Agustus 2026 sebagai bagian dari penghentian praktik open dumping atau pembuangan sampah secara terbuka guna mewujudkan pengelolaan sampah yang lebih ramah lingkungan, meminimalkan risiko kebakaran, dan mengurangi bau. ANTARA FOTO/Darryl Ramadhan/nym.",https://www.antaranews.com/foto/5676521/praktik-open-dumping-tpst-bantargebang-mulai-dihentikan-per-agustus-2026,https://cdn.antaranews.com/cache/255x170/2026/08/02/Pemprov-DKI-hentikan-sistem-Open-Dumping-di-TPST-Bantargebang-020826-ryl-5.jpg
photo,"Air menyusut akibat kemarau, hamparan pasir muncul di Sungai Batang Tembesi Jambi","Sun, 02 Aug 2026 13:31:49 +0700",,"Foto udara Sungai Batang Tembesi yang airnya surut di Sarolangun, Jambi, Minggu (2/8/2026). Sungai yang menghilir ke Sungai Batanghari tersebut menyusut akibat kemarau dan memunculkan hamparan pasir hingga sepanjang 75 meter dari tepi atau hampir menutupi separuh alur sungai sejak tiga minggu terakhir. ANTARA FOTO/Wahdi Septiawan/nym.",https://www.antaranews.com/foto/5676516/air-menyusut-akibat-kemarau-hamparan-pasir-muncul-di-sungai-batang-tembesi-jambi,https://cdn.antaranews.com/cache/255x170/2026/08/02/Penyusutan-debit-air-Sungai-Batang-Tembesi-di-Sarolangun-020826-ws-4.jpg
photo,Lima pesepeda akan jelajahi lima provinsi kampanye perlindungan hutan dan orangutan,"Sun, 02 Aug 2026 11:19:28 +0700",,"Sejumlah peserta mengayuh sepeda saat pelepasan Ekspedisi Hutan Merdeka di kawasan Monas, Jakarta, Minggu (2/8/2026). Ekspedisi Hutan Merdeka yang diikuti lima pesepeda itu akan menempuh perjalanan sejauh 1.700 kilometer dengan melintasi lima provinsi di Pulau Sumatera sebagai kampanye perlindungan hutan dan orangutan. ANTARA FOTO/Dhemas Reviyanto/nym.",https://www.antaranews.com/foto/5676425/lima-pesepeda-akan-jelajahi-lima-provinsi-kampanye-perlindungan-hutan-dan-orangutan,https://cdn.antaranews.com/cache/255x170/2026/08/02/pelepasan-ekspedisi-hutan-merdeka-020826-dr-04.jpg
photo,Pertunjukan api ramaikan Festival Abad Pertengahan ke-14 di Kroasia,"Sun, 02 Aug 2026 08:37:58 +0700",,"Para pemain menunjukkan kepiawaian memainkan api dalam Festival Abad Pertengahan ke-14 di Kastil Morosini-Grimani di Svetvincenat, Kroasia, Jumat (31/7/2026). Festival ini berlangsung 31 Juli hingga 2 Agustus 2026 dengan menampilkan turnamen ksatria, pameran kerajinan kuno, dan pertunjukan api. ANTARA FOTO/PIXSELL via Xinhua/Srecko Niketic/nym.",https://www.antaranews.com/foto/5676319/pertunjukan-api-ramaikan-festival-abad-pertengahan-ke-14-di-kroasia,https://cdn.antaranews.com/cache/255x170/2026/08/02/CmxztpE000043_20260802_PEPFN0A001.jpg
photo,"Kalahkan Port FC 2-1, Persebaya melaju ke semifinal Piala Presiden 2026","Sat, 01 Aug 2026 22:35:05 +0700",,"Pesepak bola Persebaya Surabaya Miguel Pereira (bawah) bersama rekannya Koko Ari Araya (atas) berselebrasi usai mencetak gol ke gawang Port FC pada pertandingan Grup B Piala Presiden 2026 di Stadion Gelora Bung Tomo, Surabaya, Jawa Timur, Sabtu (1/8/2026). Persebaya Surabaya lolos ke semifinal usai mengalahkan Port FC dengan skor 2-1. ANTARA FOTO/Rizal Hanafi/YU",https://www.antaranews.com/foto/5676144/kalahkan-port-fc-2-1-persebaya-melaju-ke-semifinal-piala-presiden-2026,https://cdn.antaranews.com/cache/255x170/2026/08/01/Persebaya-Menang-1.jpg
photo,Zikir dan doa kebangsaan sambut HUT ke-81 RI,"Sat, 01 Aug 2026 22:00:30 +0700",,"Umat Islam mengikuti zikir dan doa kebangsaan 2006 di kawasan Monas, Jakarta.",https://www.antaranews.com/foto/5676104/zikir-dan-doa-kebangsaan-sambut-hut-ke-81-ri,https://cdn.antaranews.com/cache/255x170/2026/08/01/Zikir-3.jpg
photo,Aston Villa kalahkan Indonesia All Stars dengan skor 3-1,"Sat, 01 Aug 2026 21:43:10 +0700",,"Pesepak bola Indonesia All Stars Oliver Leeming (kanan) melakukan duel udara dengan pesepak bola Aston Villa Triston Rowe (kedua kanan) pada pertandingan bertajuk Aston Villa Pre-Season Tour Indonesia 2026 di Stadion Utama Gelora Bung Karno, Senayan, Jakarta, Sabtu (1/8/2026). Indonesia All Stars dikalahkan Aston Villa dengan skor 1-3 ANTARA FOTO/Fauzan/YU",https://www.antaranews.com/foto/5676091/aston-villa-kalahkan-indonesia-all-stars-dengan-skor-3-1,https://cdn.antaranews.com/cache/255x170/2026/08/01/Indoesia-All-Star-vs-Aston-Vila-2.jpg
photo,Begini kondisi kebakaran lahan di Indralaya Utara Sumsel,"Sat, 01 Aug 2026 21:32:25 +0700",,"Foto udara petugas bersama warga berusaha memadamkan kebakaran lahan yang berada di dekat rumahnya di Desa Sungai Rambutan, Indralaya Utara, Ogan Ili (OI), Sumatera Selatan.",https://www.antaranews.com/foto/5676076/begini-kondisi-kebakaran-lahan-di-indralaya-utara-sumsel,https://cdn.antaranews.com/cache/255x170/2026/08/01/Kebakaran-Lahan-4.jpg
photo,Sudah sepekan petugas berjibaku padamkan karhutla di Kubu Raya,"Sat, 01 Aug 2026 20:51:18 +0700",,"Personel BPBD Kabupaten Kubu Raya menyemprotkan air ke lahan gambut yang terbakar di Dusun Sidomulyo, Desa Limbung, Kecamatan Sungai Raya, Kabupaten Kubu Raya, Kalimantan Barat.",https://www.antaranews.com/foto/5676039/sudah-sepekan-petugas-berjibaku-padamkan-karhutla-di-kubu-raya,https://cdn.antaranews.com/cache/255x170/2026/08/01/Kebakaran-2.jpg
photo,Pergelaran kesenian balaganjur pada hari suci umat Hindu di Bali,"Sat, 01 Aug 2026 20:11:17 +0700",,"Sejumlah pemuda menampilkan kesenian baleganjur pada Hari Suci Tumpek Krulut di The Blooms Bali, Tabanan, Bali.",https://www.antaranews.com/foto/5676007/pergelaran-kesenian-balaganjur-pada-hari-suci-umat-hindu-di-bali,https://cdn.antaranews.com/cache/255x170/2026/08/01/Bali-2.jpg
photo,"Bungkam PSMS Medan 4-1, Persija Jakarta buka kans ke semifinal Piala Presiden","Sat, 01 Aug 2026 19:04:32 +0700",,"Pesepak bola Persija Jakarta Denis Kolinger (kanan) berebut bola udara dengan pesepak bola PSMS Medan Angelo Meneses (kiri) dan Asyraq Gufron (tengah) pada pertandingan Grup B Piala Presiden 2026 di Stadion Gelora Bung Tomo, Surabaya, Jawa Timur.",https://www.antaranews.com/foto/5675900/bungkam-psms-medan-4-1-persija-jakarta-buka-kans-ke-semifinal-piala-presiden,https://cdn.antaranews.com/cache/255x170/2026/08/01/Bola-3.jpg
photo,Pemasangan jaring apung penahan sampah di Sungai Lestari,"Sat, 01 Aug 2026 18:17:45 +0700",,"Relawan sungai memasang jaring terapung penahan sampah atau trash boom di Sungai Jenes, Pajang, Laweyan, Solo, Jawa Tengah, Sabtu (1/8/2026). Pemkot Solo bekerja sama dengan United Nations Development Programme (UNDP) dan Clean Rivers meluncurkan program penanganan sampah Sungai Lestari dengan skema sampah yang diambil dari hulu sungai Kota Solo akan langsung dipilah dan diolah oleh mitra lokal hingga diharapkan mampu menciptakan sungai yang yang bersih sekaligus upaya mengurangi beban kuota sampah di TPA Putri Cempo. ANTARA FOTO/Mohammad Ayudha/YU",https://www.antaranews.com/foto/5675871/pemasangan-jaring-apung-penahan-sampah-di-sungai-lestari,https://cdn.antaranews.com/cache/255x170/2026/08/01/pemasangan-trash-boom-penahan-sampah-010826-yud-3.jpg
photo,Begini kemeriahan Jakarta Watersport Festival 2026 di Danau Sunter,"Sat, 01 Aug 2026 18:01:11 +0700",,"Peserta beradu kecepatan saat mengikuti lomba perahu naga pada Jakarta Watersport Festival 2026 di Danau Sunter, Jakarta.",https://www.antaranews.com/foto/5675857/begini-kemeriahan-jakarta-watersport-festival-2026-di-danau-sunter,https://cdn.antaranews.com/cache/255x170/2026/08/01/Jakarta-Watersport-Festival-2026-182026-pma-2.jpg
photo,Kapal KM Princes Soya terbakar di Pelabuhan Samarinda,"Sat, 01 Aug 2026 17:00:58 +0700",,"Api membakar kabin kapal penumpang KM Prince Soya di Pelabuhan Samarinda, Kalimantan Timur.",https://www.antaranews.com/foto/5675799/kapal-km-princes-soya-terbakar-di-pelabuhan-samarinda,https://cdn.antaranews.com/cache/255x170/2026/08/01/Kebakaran-kapal-Prince-Soya-di-Pelabuhan-Samarinda-010826-Pelindo-AP-2.jpg
video,Dinkop UKM Cilegon targetkan 21 gerai baru KKMP beroperasi September,"Mon, 03 Aug 2026 14:00:01 +0700",,"ANTARA - Dinas Koperasi Usaha Kecil dan Menengah (Dinkop UKM) Kota Cilegon menargetkan pembangunan  21 gedung gerai Koperasi Kelurahan Merah Putih (KKMP) di wilayah setempat dapat selesai dan beroperasi pada bulan September mendatang. Kepala Dinkop UKM Kota Cilegon, Suhendi pada Senin (3/8) mengatakan saat ini tercatat baru sebanyak 10 gedung yang telah selesai dibangun.
(Susmiatun Hayati/Denno Ramdha Asmara/Ludmila Yusufin Diah Nastiti)",https://www.antaranews.com/berita/5677301/dinkop-ukm-cilegon-targetkan-21-gerai-baru-kkmp-beroperasi-september,https://img.antaranews.com/video/preview/2026/08/small/DINKOP-UKM-CILEGON-TARGETKAN-21-GERAI-BARU-KKMP-BEROPERASI-SEPTEMBER.jpg
video,Menhub sebut segera evaluasi operator KMP Mutiara Sentosa 2,"Mon, 03 Aug 2026 14:00:01 +0700",,"ANTARA - Pemerintah akan segera mengevaluasi kinerja PT Atosim Lampung Pelayaran yang merupakan operator KMP Mutiara Sentosa II. Hal tersebut disampaikan Menteri Perhubungan Dudy Purwagandhi saat meninjau para korban kebakaran KMP Mutiara Sentosa II di Surabaya, Jawa Timur, Senin (3/8). (Hanif Nasrullah/Denno Ramdha Asmara/Ludmila Yusufin Diah Nastiti)",https://www.antaranews.com/berita/5677187/menhub-sebut-segera-evaluasi-operator-kmp-mutiara-sentosa-2,https://img.antaranews.com/video/preview/2026/08/small/MENHUB-SEBUT-SEGERA-EVALUASI-OPERATOR-KMP-MUTIARA-SENTOSA-2.jpg
video,Keluarga dengan dua balita selamat dari maut KMP Mutiara Sentosa 2,"Mon, 03 Aug 2026 14:00:01 +0700",,"ANTARA - Pasangan suami istri muda, Karhap dan Krisnawati bersama dua anak balitanya sempat terpisah saat terjun ke laut menyelamatkan diri dari kapal penumpang KMP Mutiara Sentosa 2 yang terbakar di perairan sebelah utara Pulau Madura pada Minggu (2/8). Keluarga kecil asal Sidenreng Rappang, Sulawesi Selatan tersebut kembali berkumpul pada Senin (3/8) setelah dievakuasi oleh kapal kargo Meratus Pematang Siantar yang kebetulan melintas di lokasi musibah terjadi. (Hanif Nasrullah/Denno Ramdha Asmara/Ludmila Yusufin Diah Nastiti)",https://www.antaranews.com/berita/5677141/keluarga-dengan-dua-balita-selamat-dari-maut-kmp-mutiara-sentosa-2,https://img.antaranews.com/video/preview/2026/08/small/KELUARGA-DENGAN-DUA-BALITA-SELAMAT-DARI-MAUT-KMP-MUTIARA-SENTOSA-2.jpg
video,Lebih dari 100 korban KMP Mutiara Sentosa 2 tiba di Tanjung Perak,"Mon, 03 Aug 2026 14:00:01 +0700",,"ANTARA - Tim pencarian dan pertolongan (SAR) gabungan hingga Senin (3/8), telah mengevakuasi 234 penumpang KMP Mutiara Sentosa 2 yang sebelumnya terbakar di perairan sebelah utara Pulau Madura pada Minggu (2/8). Sebanyak 113 korban di antaranya, kini telah tiba di Pelabuhan Tanjung Perak Surabaya setelah diangkut menggunakan kapal kargo Meratus Pematang Siantar.  (Hanif Nasrullah/Denno Ramdha Asmara/Ludmila Yusufin Diah Nastiti)",https://www.antaranews.com/berita/5677085/lebih-dari-100-korban-kmp-mutiara-sentosa-2-tiba-di-tanjung-perak,https://img.antaranews.com/video/preview/2026/08/small/LEBIH-DARI-100-KORBAN-KMP-MUTIARA-SENTOSA-2-TIBA-DI-TANJUNG-PERAK.jpg
video,SAR evakuasi penumpang KM Mutiara Santosa 2 yang terbakar,"Mon, 03 Aug 2026 14:00:01 +0700",,"ANTARA - Tim pencarian dan pertolongan (SAR) gabungan telah mengevakuasi sebanyak 236 penumpang KM Mutiara Santosa 2 yang terbakar di perairan sebelah utara Pulau Madura, Minggu malam (2/8). Lima korban di antaranya meninggal dunia.(Hanif Nasrullah/Denno Ramdha Asmara/I Gusti Agung Ayu N)",https://www.antaranews.com/berita/5676992/sar-evakuasi-penumpang-km-mutiara-santosa-2-yang-terbakar,https://img.antaranews.com/video/preview/2026/08/small/SAR-EVAKUASI-PENUMPANG-KM-MUTIARA-SANTOSA-2-YANG-TERBAKAR.jpg
video,John Herdman tunggu hasil pemeriksaan Marselino jelang jamu Vietnam,"Mon, 03 Aug 2026 14:00:01 +0700",,"ANTARA - Pelatih Timnas Indonesia John Herdman di Jakarta, Minggu,(2/8), mengatakan kondisi kesehatan dan status gelandang Marselino Ferdinan dalam turnamen baru akan ditentukan setelah mendapat laporan lengkap dari tim medis. Hal itu disampaikan Herdman, usai Marselino kembali absen dalam latihan jelang laga Grup A Piala AFF 2026 melawan Timnas Vietnam pada Senin (2/8). (Anggah/Sandy Arizona/Gracia Simanjuntak)",https://www.antaranews.com/berita/5676945/john-herdman-tunggu-hasil-pemeriksaan-marselino-jelang-jamu-vietnam,https://img.antaranews.com/video/preview/2026/08/small/SANS_JOHN-HERDMAN-TUNGGU-HASIL-PEMERIKSAAN-MARSELINO-JELANG-JAMU-VIETNAM.jpg
video,John Herdman sebut laga RI Vs Vietnam ujian sangat berat,"Mon, 03 Aug 2026 14:00:01 +0700",,"ANTARA - Pelatih Timnas Indonesia John Herdman di Jakarta, Minggu(2/8), mengaku pertandingan melawan Timnas Vietnam akan menjadi ujian sangat berat bagi skuad Garuda di Grup A Piala AFF 2026 (ASEAN Championship 2026). Menurut Herdman. laga tersebut juga merupakan peluang untuk mengambil alih kendali grup dan memastikan langkah ke babak berikutnya. (Anggah/Sandy Arizona/Gracia Simanjuntak)",https://www.antaranews.com/berita/5676944/john-herdman-sebut-laga-ri-vs-vietnam-ujian-sangat-berat,https://img.antaranews.com/video/preview/2026/08/small/SANS_JOHN-HERDMAN-SEBUT-LAGA-RI-VS-VIETNAM-UJIAN-SANGAT-BERAT.jpg
video,BI targetkan bawa wastra Sulsel ke pasar global,"Mon, 03 Aug 2026 14:00:01 +0700",,"ANTARA - Kantor Perwakilan Bank Indonesia Provinsi Sulawesi Selatan bersama Pemerintah Provinsi Sulsel menyasar penguatan pasar produk kain tradisional (wastra) di tingkat nasional hingga mancanegara melalui ""Wastra Heritage Market 2026"". Hal itu dikemukakan Kepala Kantor Perwakilan BI Sulsel Rizki Ernadi Wimanda di Makassar, Minggu (2/8). (Suriani Mappong/Sandy Arizona/Gracia Simanjuntak)",https://www.antaranews.com/berita/5676935/bi-targetkan-bawa-wastra-sulsel-ke-pasar-global,https://img.antaranews.com/video/preview/2026/08/small/SANS_BI-TARGETKAN-BAWA-WASTRA-SULSEL-KE-PASAR-GLOBAL.jpg
video,"Tong Tong Night Market masuk KEN, angkat UMKM dan budaya lokal","Mon, 03 Aug 2026 14:00:01 +0700",,"ANTARA - ‎Memasuki satu dekade penyelenggaraan, Tong Tong Night Market kembali meramaikan Kota Malang. Festival budaya dan kuliner yang masuk dalam Karisma Event Nusantara (KEN) itu tak hanya menghadirkan nuansa tempo dulu, tetapi juga menjadi ajang promosi puluhan UMKM sekaligus upaya melestarikan budaya lokal. (Achmad Saif Hajarani/Sandy Arizona/Gracia Simanjuntak)",https://www.antaranews.com/berita/5676927/tong-tong-night-market-masuk-ken-angkat-umkm-dan-budaya-lokal,https://img.antaranews.com/video/preview/2026/08/small/SANS_TONG-TONG-NIGHT-MARKET-MASUK-KEN-ANGKAT-UMKM-DAN-BUDAYA-LOKAL_1.jpg
video,Perputaran ekonomi Piala Presiden 2026 tembus Rp70 miliar,"Mon, 03 Aug 2026 14:00:01 +0700",,"ANTARA - Ketua Steering Committee Piala Presiden 2026 Maruarar Sirait menyebut perputaran ekonomi selama babak penyisihan turnamen di Surabaya dan Bandung telah mencapai lebih dari Rp70 miliar. Dampak ekonomi tersebut turut dirasakan pelaku usaha mikro, kecil, dan menengah (UMKM) serta dimanfaatkan untuk menyubsidi harga tiket pertandingan.
(Hanif Nasrullah/Sandy Arizona/I Gusti Agung Ayu N)",https://www.antaranews.com/berita/5676895/perputaran-ekonomi-piala-presiden-2026-tembus-rp70-miliar,https://img.antaranews.com/video/preview/2026/08/small/SANS_PERPUTARAN-EKONOMI-PIALA-PRESIDEN-2026-TEMBUS-RP70-MILIAR.jpg
video,Bahlil prioritaskan legalisasi 25 ribu sumur minyak rakyat di Sumsel,"Mon, 03 Aug 2026 14:00:01 +0700",,"ANTARA - Menteri Energi dan Sumber Daya Mineral (ESDM) Bahlil Lahadalia menyebut Sumatera Selatan menjadi salah satu daerah prioritas penerapan kebijakan legalisasi sumur minyak rakyat. Menurutnya, sekitar 25 ribu dari 45 ribu sumur minyak rakyat di Indonesia berada di provinsi tersebut sehingga pemerintah memfokuskan implementasi Peraturan Menteri ESDM Nomor 18 Tahun 2025 di wilayah itu.
(Winda Tri Agustina/Sandy Arizona/I Gusti Agung Ayu N)",https://www.antaranews.com/berita/5676868/bahlil-prioritaskan-legalisasi-25-ribu-sumur-minyak-rakyat-di-sumsel,https://img.antaranews.com/video/preview/2026/08/small/SANS_BAHLIL-PRIORITASKAN-LEGALISASI-25-RIBU-SUMUR-MINYAK-RAKYAT-DI-SUMSEL.jpg
video,Golkar optimistis tingkatkan perolehan kursi di Sumsel,"Mon, 03 Aug 2026 14:00:01 +0700",,"ANTARA - Ketua Umum Partai Golkar Bahlil Lahadalia meminta seluruh jajaran partai memperkuat konsolidasi organisasi hingga tingkat desa sebagai strategi meningkatkan perolehan kursi legislatif pada Pemilu 2029, termasuk di Sumatera Selatan.
(Winda Tri Agustina/Satrio Giri Marwanto/I Gusti Agung Ayu N)",https://www.antaranews.com/berita/5676837/golkar-optimistis-tingkatkan-perolehan-kursi-di-sumsel,https://img.antaranews.com/video/preview/2026/08/small/GOLKAR-OPTIMISTIS-TINGKATKAN-PEROLEHAN-KURSI-DI-SUMSEL.jpg
video,Presiden AS Trump tunda serangan baru ke Iran,"Mon, 03 Aug 2026 14:00:01 +0700",,"ANTARA - Presiden Amerika Serikat Donald Trump menunda rencana serangan baru terhadap Iran setelah mengklaim terdapat peluang kesepakatan. Namun, Trump menegaskan opsi militer tetap terbuka jika negosiasi gagal.
(XINHUA/Arsy Fitriady/Satrio Giri Marwanto/I Gusti Agung Ayu N)",https://www.antaranews.com/berita/5676776/presiden-as-trump-tunda-serangan-baru-ke-iran,https://img.antaranews.com/video/preview/2026/08/small/PRESIDEN-AS-TRUMP-TUNDA-SERANGAN-BARU-KE-IRAN.jpg
video,TNI AU gelar pameran enam pesawat F-16 di Batam,"Mon, 03 Aug 2026 14:00:01 +0700",,"ANTARA - TNI Angkatan Udara menggelar pameran enam pesawat tempur F-16 yang dapat dikunjungi masyarakat secara gratis dalam kegiatan Batam Open Base di Bandara Internasional Hang Nadim, Batam. Kegiatan ini menjadi bagian dari peringatan Hari Ulang Tahun ke-81 Kemerdekaan Republik Indonesia sekaligus upaya mendekatkan TNI AU kepada masyarakat.
(Angiela Chantiequ/Jessica Allifia Jaya Hidayat/Satrio Giri Marwanto/I Gusti Agung Ayu N)",https://www.antaranews.com/berita/5676735/tni-au-gelar-pameran-enam-pesawat-f-16-di-batam,https://img.antaranews.com/video/preview/2026/08/small/TNI-AU-GELAR-PAMERAN-ENAM-PESAWAT-F-16-DI-BATAM.jpg
video,TNI kerahkan delapan helikopter salurkan bantuan ke Puncak,"Mon, 03 Aug 2026 14:00:01 +0700",,"ANTARA - Komando Gabungan Wilayah Pertahanan (Kogabwilhan) III mengerahkan delapan helikopter TNI Angkatan Darat dan TNI Angkatan Udara untuk menyalurkan bantuan kemanusiaan ke tiga distrik di Kabupaten Puncak, Papua Tengah, yang terdampak kekeringan berkepanjangan hingga memicu krisis pangan. (Laksa Mahendra/Satrio Giri Marwanto/Arsy Fitriady)",https://www.antaranews.com/berita/5676720/tni-kerahkan-delapan-helikopter-salurkan-bantuan-ke-puncak,https://img.antaranews.com/video/preview/2026/08/small/TNI-KERAHKAN-DELAPAN-HELIKOPTER-SALURKAN-BANTUAN-KE-PUNCAK.jpg
video,Jakarta Watersport Festival dorong sport tourism di Danau Sunter,"Mon, 03 Aug 2026 14:00:01 +0700",,"ANTARA - Jakarta Watersport Festival 2026 digelar di Danau Sunter, Jakarta Utara, pada 1–2 Agustus. Festival ini menghadirkan kompetisi olahraga air, hiburan, dan bazar UMKM sebagai upaya mendorong sport tourism serta aktivitas ekonomi kreatif di ibu kota. (Nabila Athifa/Setyanka Harviana Putri/Satrio Giri Marwanto/Arsy Fitriady)",https://www.antaranews.com/berita/5676713/jakarta-watersport-festival-dorong-sport-tourism-di-danau-sunter,https://img.antaranews.com/video/preview/2026/08/small/JAKARTA-WATERSPORT-FESTIVAL-DORONG-SPORT-TOURISM-DI-DANAU-SUNTER.jpg
video,Ledakan restoran di Moskow tewaskan tiga orang,"Mon, 03 Aug 2026 14:00:01 +0700",,"ANTARA - Tiga orang tewas dan sedikitnya 21 lainnya luka-luka setelah ledakan alat peledak rakitan terjadi di sebuah restoran di kawasan Kudrinskaya Square, pusat Kota Moskow, Rusia, Sabtu (1/8). Menurut Komite Antiterorisme Nasional Rusia, ledakan terjadi ketika seorang perempuan berupaya membawa alat peledak ke dalam restoran, namun dihentikan petugas keamanan. Penyelidikan terkait motif serangan masih berlangsung. (Arsy Fitriady/Satrio Giri Marwanto/I Gusti Agung Ayu N)",https://www.antaranews.com/berita/5676660/ledakan-restoran-di-moskow-tewaskan-tiga-orang,https://img.antaranews.com/video/preview/2026/08/small/LEDAKAN-RESTORAN-DI-MOSKOW-TEWASKAN-TIGA-ORANG_1.jpg
video,DKPPP Temanggung edukasi warga cegah zoonosis dari hewan piaraan,"Mon, 03 Aug 2026 14:00:01 +0700",,"ANTARA - Dinas Ketahanan Pangan, Pertanian, dan Perikanan (DKPPP) Kabupaten Temanggung bersama komunitas pecinta hewan mengedukasi masyarakat tentang pentingnya menjaga kesehatan hewan piaraan untuk mencegah zoonosis atau penyakit yang dapat menular dari hewan ke manusia. Edukasi meliputi pemberian nutrisi, vaksinasi, kebersihan, dan pemeriksaan kesehatan hewan secara berkala. (Firman Eko Handy/Satrio Giri Marwanto/Arsy Fitriady)",https://www.antaranews.com/berita/5676647/dkppp-temanggung-edukasi-warga-cegah-zoonosis-dari-hewan-piaraan,https://img.antaranews.com/video/preview/2026/08/small/DKPPP-TEMANGGUNG-EDUKASI-WARGA-CEGAH-ZOONOSIS-DARI-HEWAN-PIARAAN.jpg
video,BP Batam siapkan Sekolah Terintegrasi Merah Putih di Rempang,"Mon, 03 Aug 2026 14:00:01 +0700",,"ANTARA - Badan Pengusahaan (BP) Batam menyiapkan pembangunan Sekolah Terintegrasi Merah Putih di Rempang, Kepulauan Riau, sebagai sekolah gratis bagi siswa berprestasi. Sekolah yang dibangun di atas lahan seluas 18 hektare itu akan melayani jenjang sekolah dasar hingga sekolah menengah atas dengan fasilitas pendidikan dan olahraga yang lengkap. (Angiela Chantiequ/Satrio Giri Marwanto/Arsy Fitriady)",https://www.antaranews.com/berita/5676644/bp-batam-siapkan-sekolah-terintegrasi-merah-putih-di-rempang,https://img.antaranews.com/video/preview/2026/08/small/BP-BATAM-SIAPKAN-SEKOLAH-TERINTEGRASI-MERAH-PUTIH-DI-REMPANG.jpg
video,Aldila Sutjiadi juarai WTA 500 Mubadala DC Open 2026,"Mon, 03 Aug 2026 14:00:01 +0700",,"ANTARA - Petenis ganda putri Indonesia Aldila Sutjiadi menjuarai nomor ganda Women's Tennis Association (WTA) 500 Mubadala DC Open 2026 di Washington, Amerika Serikat. Berpasangan dengan petenis Selandia Baru Erin Routliffe, Aldila mengalahkan Andreja Klepac dari Slovenia dan Makoto Ninomiya dari Jepang dua set langsung 6-4, 6-1 pada partai final. Gelar tersebut menjadi trofi WTA kedelapan dalam karier Aldila di nomor ganda sekaligus gelar kedua bersama Routliffe pada musim 2026.
(Arsy Fitriady/Satrio Giri Marwanto/I Gusti Agung Ayu N)",https://www.antaranews.com/berita/5676629/aldila-sutjiadi-juarai-wta-500-mubadala-dc-open-2026,https://img.antaranews.com/video/preview/2026/08/small/ALDILA-SUTJIADI-JUARAI-WTA-500-MUBADALA-DC-OPEN-2026.jpg
video,KM Mutiara Sentosa 2 Terbakar Saat Berlayar ke Makassar,"Mon, 03 Aug 2026 14:00:01 +0700",,"ANTARA - Kapal Motor (KM) Mutiara Sentosa 2 terbakar di perairan utara Pulau Madura saat berlayar dari Pelabuhan Tanjung Perak Surabaya menuju Makassar, Minggu (2/8). Kapal tersebut mengangkut sekitar 250 orang. Tim SAR gabungan masih melakukan evakuasi penumpang, sementara penyebab kebakaran masih dalam penyelidikan. (Hanif Nasrullah/Satrio Giri Marwanto/Arsy Fitriady)",https://www.antaranews.com/berita/5676617/km-mutiara-sentosa-2-terbakar-saat-berlayar-ke-makassar,https://img.antaranews.com/video/preview/2026/08/small/KM-MUTIARA-SENTOSA-2-TERBAKAR-SAAT-BERLAYAR-KE-MAKASSAR.jpg
video,BI dan Pemkot Kendari Perkuat Digitalisasi UMKM,"Mon, 03 Aug 2026 14:00:01 +0700",,"ANTARA - Kantor Perwakilan Bank Indonesia Sulawesi Tenggara bersama Pemerintah Kota Kendari menggelar Festival Kuliner Sultra Maimo 2026 untuk memperkuat digitalisasi usaha mikro, kecil, dan menengah atau UMKM. Festival yang berlangsung pada 2 hingga 9 Agustus itu juga mendorong perluasan transaksi non-tunai berbasis QRIS. (Saharudin/Satrio Giri Marwanto/Arsy Fitriady)",https://www.antaranews.com/berita/5676607/bi-dan-pemkot-kendari-perkuat-digitalisasi-umkm,https://img.antaranews.com/video/preview/2026/08/small/BI-DAN-PEMKOT-KENDARI-PERKUAT-DIGITALISASI-UMKM.jpg
video,"El Nino menguat, negara fokus jaga ketersediaan air & tangani karhutla","Mon, 03 Aug 2026 14:00:01 +0700",,"ANTARA - Gelombang panas sebagai akibat El Nino mulai dirasakan dampaknya di sejumlah belahan dunia. Kebakaran hutan dan lahan atau karhutla, juga mulai terjadi di dalam negeri, seperti di Pulau Sumatera dan Kalimantan.Selain kebakaran, bencana ekologi yang terjadi ialah kekeringan. Beberapa daerah di Pulau Jawa seperti Temanggung, Sukoharjo, Lumajang, Banten, lalu daerah luar Jawa seperti Nusa Tenggara Barat dan Timur, hingga Bangka Belitung mulai mengalami krisis air bersih.Presiden pun memanggil sejumlah kepala kementerian dan lembaga terkait, untuk memberi pemaparan dan masukan guna meredam dampak El Nino.Lalu bagaimana sikap antisipatif yang disiapkan pemerintah pada musim kemarau dan el nino tahun ini? Selengkapnya dalam PerANTARA! (Roy Rosa Bachtiar/Suci Nurhaliza/Gunawan Wibisono/Rizky Bagus Dhermawan/Farah Khadija)",https://www.antaranews.com/berita/5676540/el-nino-menguat-negara-fokus-jaga-ketersediaan-air-tangani-karhutla,https://img.antaranews.com/video/preview/2026/08/small/DF.jpg
video,Padang Padang Cup Bali jadi ajang peselancar Nasional unjuk kehebatan,"Mon, 03 Aug 2026 14:00:01 +0700",,"ANTARA - Kompetisi selancar ombak Internasional Rip Curl Cup Padang Padang kembali digelar dan berlangsung pada 1-31 Agustus 2026, di Pantai Padang Padang, Labuan Sait Pecatu, Kuta Selatan, Bali. Ajang ini menjadi ruang bagi peselancar Nasional menunjukkan kehebatan mereka bersaing dengan peselancar Internasional. (Rita Laura/Sandy Arizona/Rijalul Vikry)",https://www.antaranews.com/berita/5676257/padang-padang-cup-bali-jadi-ajang-peselancar-nasional-unjuk-kehebatan,https://img.antaranews.com/video/preview/2026/08/small/SANS_PADANG-PADANG-CUP-BALI-JADI-AJANG-PESELANCAR-NASIONAL-UNJUK-KEHEBATAN.jpg
video,"Bekuk Port FC, Persebaya gandeng Persija ke semifinal","Mon, 03 Aug 2026 14:00:01 +0700",,ANTARA - Persebaya membekuk Port FC 2 - 1 di laga terakhir Grup B turnamen sepak Piala Presiden 2026. Dengan hasil ini Persija lolos ke babak semifinal bersama Persebaya sebagai wakil Grup B. (Hanif Nasrullah/Sandy Arizona/Rijalul Vikry),https://www.antaranews.com/berita/5676252/bekuk-port-fc-persebaya-gandeng-persija-ke-semifinal,https://img.antaranews.com/video/preview/2026/08/small/SANS_BEKUK-PORT-FC-PERSEBAYA-GANDENG-PERSIJA-KE-SEMIFINAL.jpg
video,Aston Villa unggul 3-1 dari Indonesia All Stars dalam tur pramusim,"Mon, 03 Aug 2026 14:00:01 +0700",,"ANTARA - Tim Indonesia All Stars, harus mengakui keunggulan atas Aston Villa dengan skor 3-1, saat laga Friendly Match di Stadion Utama Gelora Bung Karno (SUGBK) Senayan, Jakarta, pada Sabtu (1/8). Penjaga Gawang Aston Villa, James Wright, saat ditemui media di GBK mengapresiasi para pemain Indonesia All Stars, karena dinilai memiliki kualitas yang baik. (Ryan Rahman/Sandy Arizona/Rijalul Vikry)",https://www.antaranews.com/berita/5676239/aston-villa-unggul-3-1-dari-indonesia-all-stars-dalam-tur-pramusim,https://img.antaranews.com/video/preview/2026/08/small/SANS_ASTON-VILLA-UNGGUL-3-1-DARI-INDONESIA-ALL-STARS-DALAM-TUR-PRAMUSIM.jpg
video,Joko Widodo dinobatkan sebagai sesepuh oleh sembilan Raja Timor,"Mon, 03 Aug 2026 14:00:01 +0700",,"ANTARA - Ribuan warga memadati kawasan Pantai Lahi Lai Bissi Kopan (LLBK) Kota Kupang, Nusa Tenggara Timur, untuk menyaksikan Karnaval Budaya yang dihadiri Presiden ke-7 Republik Indonesia, Joko Widodo. Dalam prosesi adat yang menjadi puncak acara, Joko Widodo dinobatkan sebagai sesepuh atau saudara oleh sembilan raja dari kerajaan-kerajaan di Pulau Timor sebagai bentuk penghormatan terhadap nilai persaudaraan dan budaya masyarakat Timor. (Johanes Viandinando/Sandy Arizona/Rijalul Vikry)",https://www.antaranews.com/berita/5676205/joko-widodo-dinobatkan-sebagai-sesepuh-oleh-sembilan-raja-timor,https://img.antaranews.com/video/preview/2026/08/small/SANS_JOKO-WIDODO-DINOBATKAN-SEBAGAI-SESEPUH-OLEH-SEMBILAN-RAJA-TIMOR.jpg
video,"Menag: Indeks kerukunan umat beragama RI jadi 77,89 persen di 2025","Mon, 03 Aug 2026 14:00:01 +0700",,"ANTARA - Menteri Agama Nasaruddin Umar menyebut indeks kerukunan umat beragama naik menjadi 77,89 persen pada tahun 2025, dari sebelumnya, yakni 76,47 persen pada tahun 2024. Hal tersebut disampaikan oleh Menag saat mengahdiri agenda Zikir dan Doa Kebangsaan ""Indonesia Berdaulat, Adil dan Makmur"" di Lapangan Silang Monas, Jakarta, Sabtu (1/8).

(Afra Augesti/Nico Anggriawan/Sandy Arizona/Nabila Anisya Charisty)",https://www.antaranews.com/berita/5676188/menag-indeks-kerukunan-umat-beragama-ri-jadi-7789-persen-di-2025,https://img.antaranews.com/video/preview/2026/08/small/SANS_MENAG-INDEKS-KERUKUNAN-UMAT-BERAGAMA-RI-JADI-77-89-PERSEN-DI-2025.jpg
video,KKP bantu pelaku usaha perikanan terdampak bencana di Sumbar,"Mon, 03 Aug 2026 14:00:01 +0700",,"ANTARA - Kementerian Kelautan dan Perikanan (KKP) bersama Tim Satuan Tugas Percepatan Rehabilitasi dan Rekonstruksi (PRR) Provinsi Sumatera Barat, mempercepat dan memastikan operasionalisasi budi daya, nelayan serta pengolahan ikan segera berjalan pascabencana hidrometeorologi yang terjadi akhir November tahun lalu. Untuk itu, KKP memberikan bantuan awal berupa bibit ikan dan pakan, dan ekskavator, kepada pelaku usaha perikanan yang terdampak bencana hidrometeorologis di Kota Padang, Kabupaten Padang Pariaman, Kabupaten Solok dan Kabupaten Agam.
(Melani Friati/Sandy Arizona/Nabila Anisya Charisty)",https://www.antaranews.com/berita/5676172/kkp-bantu-pelaku-usaha-perikanan-terdampak-bencana-di-sumbar,https://img.antaranews.com/video/preview/2026/08/small/SANS_KKP-BANTU-PELAKU-USAHA-PERIKANAN-TERDAMPAK-BENCANA-DI-SUMBAR.jpg
video,INZS 2026 perkuat komitmen Indonesia hadapi krisis iklim,"Mon, 03 Aug 2026 14:00:01 +0700",,"ANTARA - Pemerintah Indonesia terus mempercepat transisi energi sebagai bagian dari upaya mengatasi perubahan iklim melalui berbagai proyek yang mulai direalisasikan. Komitmen tersebut mengemuka dalam Indonesia Net Zero Summit (INZS) 2026 di Balai Kartini, Jakarta, Sabtu (1/8). Pendiri Foreign Policy Community of Indonesia (FPCI), Dino Patti Djalal, menegaskan bahwa penanganan perubahan iklim harus menjadi prioritas karena dampaknya menyentuh hampir seluruh aspek kehidupan manusia.
(Irfan Hardiansah/Satrio Giri Marwanto/Nabila Anisya Charisty)",https://www.antaranews.com/berita/5676087/inzs-2026-perkuat-komitmen-indonesia-hadapi-krisis-iklim,https://img.antaranews.com/video/preview/2026/08/small/INZS-2026-PERKUAT-KOMITMEN-INDONESIA-HADAPI-KRISIS-IKLIM.jpg
video,Kemeriahan menyambut bulan kemerdekaan Indonesia di Malaysia,"Mon, 03 Aug 2026 14:00:01 +0700",,"ANTARA - Kegembiraan menyambut bulan kemerdekaan Republik Indonesia turut dirasakan para warga negara Indonesia yang berada di negeri jiran Malaysia. WNI dengan penuh antusias mengikuti berbagai perlombaan yang diselenggarakan Kedutaan Besar Republik Indonesia (KBRI) di Kuala Lumpur, Malaysia, Sabtu (1/8).
(Rangga Pandu Asmara Jingga/Satrio Giri Marwanto/Nabila Anisya Charisty)",https://www.antaranews.com/berita/5676063/kemeriahan-menyambut-bulan-kemerdekaan-indonesia-di-malaysia,https://img.antaranews.com/video/preview/2026/08/small/KEMERIAHAN-MENYAMBUT-BULAN-KEMERDEKAAN-INDONESIA-DI-MALAYSIA.jpg
video,"Cari Bibit unggul, Bogor gelar sirkuit panjat tebing anak dan remaja","Mon, 03 Aug 2026 14:00:01 +0700",,"ANTARA - Federasi Panjat Tebing Indonesia (FPTI) Kota Bogor menggelar Sirkuit Panjat Tebing se-Kota Bogor sebagai ajang pencarian bibit atlet muda, Sabtu (1/8). Dengan diikuti 100 peserta anak-anak dan remaja, kegiatan itu mempertandingkan kategori lead dan speed untuk kelompok umur under 11, under 13, dan under 19.
(Fadzar Ilham Pangestu/Satrio Giri Marwanto/Nabila Anisya Charisty)",https://www.antaranews.com/berita/5676021/cari-bibit-unggul-bogor-gelar-sirkuit-panjat-tebing-anak-dan-remaja,https://img.antaranews.com/video/preview/2026/08/small/CARI-BIBIT-UNGGUL-BOGOR-GELAR-SIRKUIT-PANJAT-TEBING-ANAK-DAN-REMAJA.jpg
video,"Karhutla Tumbang Nusa meluas, 104 hektar gambut terbakar","Mon, 03 Aug 2026 14:00:01 +0700",,"ANTARA - Kebakaran hutan dan lahan (karhutla) di Desa Tumbang Nusa, Kecamatan Jabiren Raya, Kabupaten Pulang Pisau, Kalimantan Tengah, telah menghanguskan sekitar 104 hektare lahan gambut, Sabtu (1/8). Peristiwa tersebut memicu operasi penanganan terpadu yang melibatkan sekitar 416 personel gabungan melalui jalur darat, serta didukung dua unit helikopter water bombing untuk mempercepat pemadaman yang jauh dari tim darat. 
(Redianto Tumon Sp/Satrio Giri Marwanto/Nabila Anisya Charisty)",https://www.antaranews.com/berita/5676013/karhutla-tumbang-nusa-meluas-104-hektar-gambut-terbakar,https://img.antaranews.com/video/preview/2026/08/small/KARHUTLA-TUMBANG-NUSA-MELUAS-104-HEKTAR-GAMBUT-TERBAKAR.jpg
video,"54 Atlet menembak Kalsel, bertanding pada Kejuaraan Wali Kota Cup","Mon, 03 Aug 2026 14:00:01 +0700",,"ANTARA - Pemerintah Kota Banjarmasin bersama Perbakin menggelar kejuaraan menembak Wali Kota Cup 2026. Kejuaraan diikuti oleh 54 atlet dari berbagai daerah di Kalsel sebagai wadah seleksi dan persiapan atlet kalimantan selatan menuju Pra-PON.

(Latif Thohir/Satrio Giri Marwanto/Nabila Anisya Charisty)",https://www.antaranews.com/berita/5675995/54-atlet-menembak-kalsel-bertanding-pada-kejuaraan-wali-kota-cup,https://img.antaranews.com/video/preview/2026/08/small/54-ATLET-MENEMBAK-KALSEL-BERTANDING-PADA-KEJUARAAN-WALI-KOTA-CUP.jpg
video,Polda Riau kirim Tim Ekspedisi Merah Putih Presisi ke 17 desa 3T,"Mon, 03 Aug 2026 14:00:01 +0700",,"ANTARA - Kapolda Riau Irjen Pol Herry Heryawan melepas Tim Ekspedisi Merah Putih Presisi Polda Riau yang akan bertugas di 17 desa wilayah tertinggal, terdepan, dan terluar atau 3T, Sabtu (1/8). Ekspedisi yang berlangsung hingga 17 Agustus mendatang itu membawa berbagai program sosial, lingkungan, dan penguatan kebangsaan bagi masyarakat pesisir serta wilayah terluar di Provinsi Riau.
(Farah Khadija/Annisa Firdausi/Satrio Giri Marwanto/Nabila Anisya Charisty)",https://www.antaranews.com/berita/5675964/polda-riau-kirim-tim-ekspedisi-merah-putih-presisi-ke-17-desa-3t,https://img.antaranews.com/video/preview/2026/08/small/POLDA-RIAU-KIRIM-TIM-EKSPEDISI-MERAH-PUTIH-PRESISI-KE-17-DESA-3T.jpg
video,"Hadapi El Nino, pemerintah tingkatkan mitigasi karhutla","Mon, 03 Aug 2026 14:00:01 +0700",,"ANTARA - Pemerintah memperkuat langkah antisipasi menghadapi potensi el nino yang diperkirakan meningkatkan risiko kebakaran hutan dan lahan. Menteri Lingkungan Hidup, Muhammad Jumhur Hidayat usai membuka Indonesia Net Zero Summit (INZS) 2026 yang diselenggarakan di Balai Kartini, Jakarta, pada Sabtu (1/8) menyebutkan, pihaknya menekan potensi karhutla sejak dini, salah satunya dengan membangun kanal blocking.
(Irfan Hardiansah/Satrio Giri Marwanto/Nabila Anisya Charisty)",https://www.antaranews.com/berita/5675936/hadapi-el-nino-pemerintah-tingkatkan-mitigasi-karhutla,https://img.antaranews.com/video/preview/2026/08/small/HADAPI-EL-NINO-PEMERINTAH-TINGKATKAN-MITIGASI-KARHUTLA.jpg
video,Mensos resmikan Sekolah Rakyat Terintegrasi 1 Sukoharjo,"Mon, 03 Aug 2026 14:00:01 +0700",,"ANTARA - Menteri Sosial Republik Indonesia Saifullah Yusuf membuka pelaksanaan Masa Pengenalan Lingkungan Sekolah (MPLS) di Sekolah Rakyat Terintegrasi (SRT) 1 Kabupaten Sukoharjo, Sabtu (1/8). Mensos menyebut meski proses pembangunan fisik belum sepenuhnya rampung, pihaknya memastikan kegiatan belajar mengajar sudah dapat dilaksanakan karena progres pembangunan telah mencapai sekitar 98 persen.(Denik Apriyani/Satrio Giri Marwanto/Ludmila Yusufin Diah Nastiti)",https://www.antaranews.com/berita/5675924/mensos-resmikan-sekolah-rakyat-terintegrasi-1-sukoharjo,https://img.antaranews.com/video/preview/2026/08/small/MENSOS-RESMIKAN-SEKOLAH-RAKYAT-TERINTEGRASI-1-SUKOHARJO.jpg
video,Lanud Sjamsudin Noor gelar Bakti Sosial Hari Bakti TNI AU ke-79,"Mon, 03 Aug 2026 14:00:01 +0700",,"ANTARA - Ratusan warga di Banjarbaru, Kalimantan Selatan, antusias mengikuti kegiatan bakti sosial yang diselenggarakan oleh Pangkalan Udara (Lanud) Sjamsudin Noor pada Sabtu (1/8). Kegiatan ini dilaksanakan sebagai rangkaian peringatan Hari Bhakti TNI Angkatan Udara Ke-79
(Latif Thohir/Satrio Giri Marwanto/Ludmila Yusufin Diah Nastiti)",https://www.antaranews.com/berita/5675872/lanud-sjamsudin-noor-gelar-bakti-sosial-hari-bakti-tni-au-ke-79,https://img.antaranews.com/video/preview/2026/08/small/LANUD-SJAMSUDIN-NOOR-GELAR-BAKTI-SOSIAL-HARI-BAKTI-TNI-AU-KE-79.jpg
video,"Prancis perketat pemeriksaan produk tani, lawan praktik francization","Mon, 03 Aug 2026 14:00:01 +0700",,"ANTARA - Prancis memperketat pemeriksaan terhadap asal-usul produk pertanian guna memberantas praktik ""francization"", yaitu pelabelan ulang produk impor agar tampak sebagai hasil produksi dalam negeri. Langkah ini diambil untuk melindungi konsumen dan produsen lokal, dengan pelanggar terancam denda hingga 300.000 euro dan hukuman penjara.(XINHUA/ Nabila Anisya Charisty/Satrio Giri Marwanto/Ludmila Yusufin Diah Nastiti)",https://www.antaranews.com/berita/5675865/prancis-perketat-pemeriksaan-produk-tani-lawan-praktik-francization,https://img.antaranews.com/video/preview/2026/08/small/PRANCIS-PERKETAT-PEMERIKSAAN-PRODUK-TANI-LAWAN-PRAKTIK-FRANCIZATION.jpg
video,KM. Prince Soya terbakar saat bersandar di Pelabuhan Samarinda,"Mon, 03 Aug 2026 14:00:01 +0700",,"ANTARA - Kapal Motor (KM) Prince Soya terbakar pada Sabtu (1/8) saat bersandar di Pelabuhan Samarinda, Kalimantan Timur. Kapal penumpang yang biasa melayani rute Samarinda - Pare-Pare, Sulawesi Selatan itu terbakar di bagian dek sebelah kanan yang diduga bersumber dari tangki berisi pelumas mesin. (Hanifan Ma'ruf/Satrio Giri Marwanto/Ludmila Yusufin Diah Nastiti)",https://www.antaranews.com/berita/5675853/km-prince-soya-terbakar-saat-bersandar-di-pelabuhan-samarinda,https://img.antaranews.com/video/preview/2026/08/small/KM.PRINCE-SOYA-TERBAKAR-SAAT-BERSANDAR-DI-PELABUHAN-SAMARINDA.jpg
video,St. Petersburg luncurkan festival sepeda motor untuk pertama kalinya,"Mon, 03 Aug 2026 14:00:01 +0700",,"ANTARA - Saint Petersburg Motor Festival resmi dibuka, Jumat (31/7) selama tiga hari berturut-turut dalam pembukaan perdananya. Acara tersebut digelar untuk menghibur para penikmat sepeda motor, musik, serta pengunjung umum lainnya.(XINHUA/ Nabila Anisya Charisty/Satrio Giri Marwanto/Ludmila Yusufin Diah Nastiti)",https://www.antaranews.com/berita/5675828/st-petersburg-luncurkan-festival-sepeda-motor-untuk-pertama-kalinya,https://img.antaranews.com/video/preview/2026/08/small/ST.PETERSBURG-LUNCURKAN-FESTIVAL-SEPEDA-MOTOR-UNTUK-PERTAMA-KALINYA.jpg
video,KPHL Batam dan Akar Bhumi Indonesia berkolaborasi lestarikan bakau,"Mon, 03 Aug 2026 14:00:01 +0700",,"ANTARA - Kesatuan Pengelolaan Hutan Lindung (KPHL) Kota Batam bersama Lembaga Swadaya Masyarakat (LSM) Akar Bhumi Indonesia menanam 450 bibit bakau di Batam, Kepulauan Riau, Sabtu (1/8). Penanaman bibit bakau tersebut dilakukan untuk memastikan daerah pesisir Kota Batam terlindungi di tengah perubahan iklim, sekaligus memperimgati Hari Mangrove Sedunia 2026.(Angiela Chantique/ Satrio Giri Marwanto/Ludmila Yusufin Diah Nastiti)",https://www.antaranews.com/berita/5675804/kphl-batam-dan-akar-bhumi-indonesia-berkolaborasi-lestarikan-bakau,https://img.antaranews.com/video/preview/2026/08/small/KPHL-BATAM-DAN-AKAR-BHUMI-INDONESIA-BERKOLABORASI-LESTARIKAN-BAKAU.jpg
video,"Ribuan warga padati Jalan El Tari saat kunjungan Jokowi di Kupang, NTT","Mon, 03 Aug 2026 14:00:01 +0700",,"ANTARA - Ribuan warga Kota Kupang dan sekitarnya memadati kawasan ""Car Free Day"" di Jalan El Tari, Kota Kupang, Nusa Tenggara Timur, Sabtu (1/8),  untuk menyambut kunjungan Joko Widodo. Dalam suasana penuh antusias, masyarakat bersalaman dan meminta swafoto bersama sosok Presiden ke-7 Republik Indonesia tersebut.
(Johanes Viandinando/Satrio Giri Marwanto/Ludmila Yusufin Diah Nastiti)",https://www.antaranews.com/berita/5675784/ribuan-warga-padati-jalan-el-tari-saat-kunjungan-jokowi-di-kupang-ntt,https://img.antaranews.com/video/preview/2026/08/small/RIBUAN-WARGA-PADATI-JALAN-EL-TARI-SAAT-KUNJUNGAN-JOKOWI-DI-KUPANG-NTT.jpg
video,"Populasi Malaysia naik menjadi 34,4 juta jiwa di 2026","Mon, 03 Aug 2026 14:00:01 +0700",,"ANTARA - Populasi diperkirakan naik menjadi 34,4 juta jiwa pada 2026. Angka tersebut naik 0,5 persen dibandingkan tahun sebelumnya dengan persentase penduduk asli atau warga Bumiputera masih menjadi kelompok terbesar. 
(XINHUA/ Nabila Anisya Charisty/Satrio Giri Marwanto/Ludmila Yusufin Diah Nastiti)",https://www.antaranews.com/berita/5675756/populasi-malaysia-naik-menjadi-344-juta-jiwa-di-2026,https://img.antaranews.com/video/preview/2026/08/small/POPULASI-MALAYSIA-NAIK-MENJADI-34-4-JUTA-JIWA-DI-2026.jpg
video,KAI Sumut siapkan empat pos kesehatan demi kenyamanan penumpang,"Mon, 03 Aug 2026 14:00:01 +0700",,"ANTARA - PT Kereta Api Indonesia (KAI) Divisi Regional (Divre) I Sumatera Utara menyiagakan empat Pos Kesehatan (Poskes) yang tersebar di stasiun-stasiun strategis guna memastikan keselamatan, kesehatan, serta kenyamanan seluruh penumpang selama perjalanan. Fasilitas Pos Kesehatan tersebut beroperasi di Stasiun Medan, Stasiun Tebing Tinggi, Stasiun Kisaran, dan Stasiun Rantauprapat.(M. Valery Maulidzar S/Satrio Giri Marwanto/Ludmila Yusufin Diah Nastiti)",https://www.antaranews.com/berita/5675753/kai-sumut-siapkan-empat-pos-kesehatan-demi-kenyamanan-penumpang,https://img.antaranews.com/video/preview/2026/08/small/KAI-SUMUT-SIAPKAN-EMPAT-POS-KESEHATAN-DEMI-KENYAMANAN-PENUMPANG.jpg
video,Optimalisasi lahan tingkatkan pola tanam sawah di Kaltim,"Mon, 03 Aug 2026 14:00:01 +0700",,"ANTARA - Langkah optimalisasi lahan (Oplah) untuk memaksimalkan potensi pertanian di Kalimantan Timur mampu meningkatkan pola tanam petani dari satu kali menjadi dua kali setahun. Melalui sistem pertanian yang ditunjang teknologi, program oplah ini ditujukan untuk mendongkrak frekuensi panen serta jumlah produksi padi di Kaltim.(Hanifan Ma'ruf/Satrio Giri Marwanto/Ludmila Yusufin Diah Nastiti)",https://www.antaranews.com/berita/5675737/optimalisasi-lahan-tingkatkan-pola-tanam-sawah-di-kaltim,https://img.antaranews.com/video/preview/2026/08/small/OPTIMALISASI-LAHAN-TINGKATKAN-POLA-TANAM-SAWAH-DI-KALTIM.jpg
video,Pasukan matra laut bertolak ke Dabo Singkep untuk gelar Latopsfib,"Mon, 03 Aug 2026 14:00:01 +0700",,"ANTARA - Tentara Nasional Indonesia (TNI) Angkatan Laut pada Sabtu (1/8) memberangkatkan pasukan beserta alat utama sistem senjata (alutsista) untuk mengikuti latihan operasi Amfibi (Latopsfib) di Dabo Singkep, Kepulauan Riau. Kegiatan ini merupakan bagian dari Latihan TNI Terintegrasi 2026 yang melibatkan ribuan personel dari tiga matra untuk menguji kesiapsiagaan dalam menghadapi kemungkinan situasi yang berada di luar kendali.(Hanif Nasrullah/Satrio Giri Marwanto/Ludmila Yusufin Diah Nastiti)",https://www.antaranews.com/berita/5675732/pasukan-matra-laut-bertolak-ke-dabo-singkep-untuk-gelar-latopsfib,https://img.antaranews.com/video/preview/2026/08/small/PASUKAN-MATRA-LAUT-BERTOLAK-KE-DABO-SINGKEP-UNTUK-GELAR-LATOPSFIB.jpg
video,"Apartemen ikan, napas baru wisata Bahari Desa Namu","Mon, 03 Aug 2026 14:00:01 +0700",,"ANTARA - Sejumlah mahasiswa Kuliah Kerja Nyata (KKN) dari beberapa kampus besama pemerintah Desa Wisata Namu, Kabupaten Konawe Selatan, Sulawesi Tenggara membuat apartemen ikan di bawah laut Desa Namu. Langkah tersebut dilakukan untuk melestarikan kosistem laut dan menjaga keberlanjutan pariwisata di wilayah  setempat.(Saharudin/Satrio Giri Marwanto/Ludmila Yusufin Diah Nastiti)",https://www.antaranews.com/berita/5675719/apartemen-ikan-napas-baru-wisata-bahari-desa-namu,https://img.antaranews.com/video/preview/2026/08/small/APARTEMEN-IKAN-NAPAS-BARU-WISATA-BAHARI-DESA-NAMU.jpg
video,Koops TNI Habema evakuasi satu jenazah korban tembakan OPM di Yahukimo,"Mon, 03 Aug 2026 14:00:01 +0700",,"ANTARA - Koops TNI Habema pada Jumat (31/8), mengevakuasi satu dari tiga jenazah korban penembakan yang diduga dilakukan kelompok organisasi papua merdeka (OPM) Kodap XVI Yahukimo. Korban bernama Teina Alya ditemukan di lokasi longsoran Kali Kolof, Distrik Seradala, Kabupaten Yahukimo, Papua Pegunungan dan telah diserahkan kepada pihak keluarga untuk di makamkan.(Laksa Mahendra/Rizky Bagus Dhermawan/Ludmila Yusufin Diah Nastiti)",https://www.antaranews.com/berita/5675675/koops-tni-habema-evakuasi-satu-jenazah-korban-tembakan-opm-di-yahukimo,https://img.antaranews.com/video/preview/2026/08/small/Screenshot-2026-08-01-141537.jpg
video,460 napi Lhokseumawe dipindahkan ke gedung lapas baru,"Mon, 03 Aug 2026 14:00:01 +0700",,"ANTARA -Sebanyak 460 narapidana dari Lapas IIA Kota Lhokseumawe, Aceh, pada Sabtu (1/8) dipindahkan ke gedung Lapas baru di Kecamatan Muara Dua. Pemindahan  nabi tersebut dikarenakan gedung lama tidak dapat menampung jumlah tahanan yang Idealnya hanya dapat dihuni oleh sekitar 150 narapidana.
(Try Vanny S/Rizky Bagus Dhermawan/Ludmila Yusufin Diah Nastiti)",https://www.antaranews.com/berita/5675669/460-napi-lhokseumawe-dipindahkan-ke-gedung-lapas-baru,https://img.antaranews.com/video/preview/2026/08/small/Screenshot-2026-08-01-140230.jpg
